Product Code,Product Name,Category,Stock,Cost,Total Value,
PC00885,Coke 20oz,Bev 20 Oz Bottle,"12,137",$1.2753,"$15,478.32",
PC00886,Coke Diet 20oz,Bev 20 Oz Bottle,"30,995",$1.2746,"$39,506.23",
PC00887,Sprite 20oz,Bev 20 Oz Bottle,"35,190",$1.2750,"$44,867.25",
PC00888,Smart Water 20oz,Bev Water,"117,170",$1.2800,"$149,977.60",
PC00889,Snickers,Candy,"22,697",$0.4347,"$9,866.39",
PC10724,Aquafina 16.9oz,Bev Water,"68,654",$0.4566,"$31,347.42",
PC10725,Life Water Premium 20oz,Bev Water,"11,121",$1.3383,"$14,883.23",
PC10726,Smart Water 1L,Bev Water,"97,642",$1.7877,"$174,554.60",
PC10730,Chobani Blueberry,Fresh,"1,420",$1.4034,"$1,992.83",
PC10731,Chobani Cherry,Fresh,847,$0.8341,$706.48,
PC10732,Chobani Peach,Fresh,"1,220",$1.3936,"$1,700.19",
PC10733,Chobani Strawberry,Fresh,"1,565",$1.4104,"$2,207.28",
PC10744,FR SLB Pasta Salad Mike's Tuna Mac Small,Fresh Food,86,$4.3600,$374.96,
PC10751,FR SLB Triangle Club Wheat,Fresh Food,138,$2.6400,$364.32,
PC10761,Lunchables Ham & Cheddar,Fresh,"4,441",$2.0788,"$9,231.95",
PC10762,Lunchables Turkey & Cheddar,Fresh,"4,424",$2.0338,"$8,997.53",
PC10765,String Cheese Frigo,Fresh,"5,478",$0.2455,"$1,344.85",
PC10769,Bang Peach Mango,Bev Energy Drinks,"2,306",$1.9333,"$4,458.19",
PC10773,Beer Budweiser Aluminum Can 16oz,Bev Beer & Wine,-24,$0.0001,$0.00,
PC10788,Celsius Sparkling Orange 12oz,Bev Other,"6,231",$2.1395,"$13,331.22",
PC10789,Celsius Sparkling Watermelon 12oz,Bev Other,"9,270",$2.1398,"$19,835.95",
PC10790,Coke Zero 20oz,Bev 20 Oz Bottle,"21,843",$1.2748,"$27,845.46",
PC10793,Dr Pepper 20oz,Bev 20 Oz Bottle,"35,034",$1.2854,"$45,032.70",
PC10794,Dr Pepper Diet 20oz,Bev 20 Oz Bottle,"1,718",$1.2854,"$2,208.32",
PC10795,Dunkin Donuts Original 13.7oz,Bev Coffee & Tea,"1,154",$2.1172,"$2,443.25",
PC10796,Fanta Orange 20oz,Bev 20 Oz Bottle,"5,901",$1.2640,"$7,458.86",
PC10798,Gatorade Cool Blue 20oz,Bev 20 Oz Bottle,"29,194",$1.3415,"$39,163.75",
PC10799,Gatorade Orange 20oz,Bev 20 Oz Bottle,"7,720",$1.2440,"$9,603.68",
PC10800,Gatorade Zero Glacier Cherry 20oz,Bev 20 Oz Bottle,331,$1.1125,$368.24,
PC10801,La Croix Sparkling Coconut,Bev 12 Oz Can,739,$0.4696,$347.03,
PC10803,La Croix Sparkling Cran Raspberry,Bev 12 Oz Can,236,$0.4696,$110.83,
PC10804,La Croix Sparkling Grapefruit,Bev 12 Oz Can,413,$0.4696,$193.94,
PC10805,Minute Maid Apple Juice 12oz,Bev Juice,"10,913",$1.2474,"$13,612.88",
PC10806,Minute Maid Lemonade 20oz,Bev 20 Oz Bottle,"19,935",$1.2746,"$25,409.15",
PC10807,Minute Maid Orange Juice 12oz,Bev Juice,"10,155",$1.2476,"$12,669.38",
PC10808,Monster 16oz,Bev Energy Drinks,"21,158",$1.6666,"$35,261.92",
PC10809,Monster Low Carb 16oz,Bev Energy Drinks,"4,576",$1.6458,"$7,531.18",
PC10811,Monster Zero Ultra 16oz,Bev Energy Drinks,"17,617",$1.6678,"$29,381.63",
PC10812,Mountain Dew 20oz,Bev 20 Oz Bottle,"4,789",$1.0479,"$5,018.39",
PC10813,Oi Ocha Green Tea Unsweetened,Bev Coffee & Tea,77,$1.5584,$120.00,
PC10816,Ocean Spray Cranberry Juice,Bev Juice,780,$1.5406,"$1,201.67",
PC10817,Peace Tea & Lemonade,Bev Coffee & Tea,"1,843",$1.0736,"$1,978.64",
PC10818,Peace Tea Georgia Peach,Bev Coffee & Tea,"5,937",$1.0606,"$6,296.78",
PC10820,Peace Tea Razzleberry,Bev Coffee & Tea,"5,918",$1.3674,"$8,092.27",
PC10821,Pepsi 20oz,Bev 20 Oz Bottle,"13,136",$1.0475,"$13,759.96",
PC10822,Powerade Fruit Punch 20oz,Bev 20 Oz Bottle,"7,619",$0.8645,"$6,586.63",
PC10823,Powerade Mountain Berry Blast 20oz,Bev 20 Oz Bottle,"3,163",$0.8646,"$2,734.73",
PC10824,Powerade Zero Mixed Berry 20oz,Bev 20 Oz Bottle,"1,940",$0.8643,"$1,676.74",
PC10825,Red Bull 8.4oz,Bev Energy Drinks,"27,809",$1.7829,"$49,580.67",
PC10827,Red Bull Sugar Free 8.4oz,Bev Energy Drinks,"13,413",$1.7829,"$23,914.04",
PC10831,Starbucks Mocha Frappuccino RTD 9.5oz,Bev Coffee & Tea,"12,565",$1.3504,"$16,967.78",
PC10832,Starbucks Vanilla Frapuccino RTD 9.5oz,Bev Coffee & Tea,"9,786",$1.3504,"$13,215.01",
PC10833,Vitamin Water XXX 20oz,Bev Water,"1,222",$1.4016,"$1,712.76",
PC10847,3 Musketeers,Candy,529,$1.0742,$568.25,
PC10848,5 Gum Peppermint Cobalt,Candy Gum & Mints,"1,452",$1.5421,"$2,239.13",
PC10849,Act II Popcorn Butter 2.75oz,Snack,894,$0.5442,$486.51,
PC10850,Advil,Sundry Items,"11,625",$1.7496,"$20,339.10",
PC10851,Albanese Gummi Bears 12 Flavor - 3.5oz,Candy,"10,198",$0.8558,"$8,727.45",
PC10852,Alka Seltzer,Sundry Items,"2,725",$1.8700,"$5,095.75",
PC10854,Almond Joy,Candy,32,$0.9911,$31.72,
PC10855,SnakClub Almonds Raw Premium Pack,Nuts,672,$2.3683,"$1,591.50",
PC10856,Altoids Peppermint Mints,Candy Gum & Mints,744,$2.3989,"$1,784.78",
PC10859,Band Aid Bandage Travel,Sundry Items,"1,776",$0.7144,"$1,268.77",
PC10861,Baskin Robbins Rocky Road,Frozen Ice Cream,"3,525",$4.8762,"$17,188.60",
PC10866,Benadryl,Sundry Items,"3,491",$2.2557,"$7,874.65",
PC10870,Big Az Cheeseburger Charbroiled,Frozen Food,"2,168",$2.3941,"$5,190.41",
PC10874,Blue Diamond Almonds Smokehouse,Nuts,"6,703",$1.0249,"$6,869.90",
PC10875,Blue Diamond Almonds Whole Natural,Nuts,"3,148",$0.9877,"$3,109.28",
PC10876,Boulder Hickory BBQ Chips,Chips,"5,873",$0.5753,"$3,378.74",
PC10877,Boulder Malt Vinegar & Sea Salt Chips,Chips,"3,272",$0.5744,"$1,879.44",
PC10878,Boulder Kettle Potato Jalapeno Chips 1.5oz,Chips,61,$0.5096,$31.09,
PC10879,Boulder Olive Oil Chips,Chips,"2,410",$0.5096,"$1,228.14",
PC10880,Bumble Bee Chicken Salad & Crackers 3.5oz,Snack,"3,063",$2.2878,"$7,007.53",
PC10881,Bumble Bee Tuna Mayo & Crackers 3.5oz,Snack,"4,820",$2.2878,"$11,027.20",
PC10882,Butterfinger,Candy,"1,964",$1.1576,"$2,273.53",
PC10884,Cereal Froot Loops,Cereal,"7,104",$1.3181,"$9,363.78",
PC10885,Cereal Frosted Flakes,Cereal,"2,497",$1.3181,"$3,291.30",
PC10886,Cereal Honey Nut Cheerios,Cereal,"4,956",$1.2158,"$6,025.50",
PC10888,Chapstick,Sundry Items,"3,444",$1.5941,"$5,490.08",
PC10889,Cheetos Crunchy,Chips,"21,820",$0.7125,"$15,546.75",
PC10890,Cheetos Crunchy Jalapeno Cheddar Chips,Chips,"1,119",$0.7125,$797.29,
PC10891,Cheetos Flamin Hot,Chips,"25,010",$0.6871,"$17,184.37",
PC10892,Cheetos Flamin Hot Limon,Chips,"14,389",$0.7125,"$10,252.16",
PC10893,Cheetos Puffs,Chips,"6,365",$0.7125,"$4,535.06",
PC10894,Cheez-It,Snack,"10,428",$0.4658,"$4,857.36",
PC10895,Chex Mix,Snack,"3,868",$0.4882,"$1,888.36",
PC10896,Claritin,Sundry Items,"1,124",$2.6400,"$2,967.36",
PC10897,Clear Eyes Solution 0.2oz,Sundry Items,"2,932",$3.0260,"$8,872.23",
PC10898,Cliff Bar Blueberry Crisp,Healthy Bars,694,$1.6866,"$1,170.50",
PC10899,Cliff Bar Chocolate Chip,Healthy Bars,"4,664",$1.4196,"$6,621.01",
PC10900,Cliff Bar Peanut Butter,Healthy Bars,"1,825",$1.4322,"$2,613.77",
PC10901,Cliff Bar White Chocolate Macadamia,Healthy Bars,"1,664",$1.4314,"$2,381.85",
PC10904,Comb,Sundry Items,325,$0.5975,$194.19,
PC10905,Convale Tweezers Carded,Sundry Items,207,$1.0292,$213.04,
PC10906,Cotton Swabs,Sundry Items,752,$1.1661,$876.91,
PC10907,Crest Tooth Paste and Brush,Sundry Items,"22,758",$1.5062,"$34,278.10",
PC10909,DayQuil,Sundry Items,"5,453",$2.2128,"$12,066.40",
PC10911,Crest Glide Dental Floss,Sundry Items,483,$1.0500,$507.15,
PC10914,Disney Key Chain RG Standing Minnie,Souvenirs Disney,737,$2.0000,"$1,474.00",
PC10917,Disney Shirt Adult,Souvenirs,177,$8.0652,"$1,427.54",
PC10918,Disney Shirt Youth,Souvenirs,120,$4.3234,$518.81,
PC10919,MLB Adult Shirt,Souvenirs,1,$15.1800,$15.18,
PC10923,Dole Mandarin Oranges,Snack,"1,658",$1.4330,"$2,375.91",
PC10924,Dole Mixed Fruit,Snack,"1,402",$1.2571,"$1,762.45",
PC10925,Dolly Madison Chocolate Cupcakes,Pastry,416,$0.7922,$329.56,
PC10931,Doritos Cool Ranch,Chips,"20,310",$0.7125,"$14,470.88",
PC10932,Doritos Nacho Cheese,Chips,"24,242",$0.7125,"$17,272.42",
PC10934,Dove Milk Chocolate Almond Bar,Frozen Ice Cream,"5,551",$1.8142,"$10,070.62",
PC10935,Dove Vanilla Dark Chocolate Bar,Frozen Ice Cream,"1,258",$1.8142,"$2,282.26",
PC10936,Easy Mac Original Cups,Hot Food,"7,234",$1.0640,"$7,696.98",
PC10937,El Monterey Bean and Cheese Burrito,Frozen Food,"6,282",$0.7791,"$4,894.31",
PC10938,El Monterey Beef and Bean Burrito,Frozen Food,"7,985",$0.7792,"$6,221.91",
PC10939,El Monterey Jalapeno Egg Cheese Burrito,Frozen Food,"2,932",$1.2479,"$3,658.84",
PC10940,Emergen-C Orange,Sundry Items,179,$1.5867,$284.02,
PC10941,SnakClub Energizer Trail Mix Premium,Nuts,"8,676",$2.3683,"$20,547.37",
PC10942,Fritos Chili Cheese Chips,Chips,974,$0.7125,$693.98,
PC10943,Razor,Sundry Items,"4,668",$0.8472,"$3,954.73",
PC10944,Gillette Shaving Cream,Sundry Items,"1,648",$2.9265,"$4,822.87",
PC10946,Grandmas Chocolate Chip Cookie,Cookies & Crackers,"7,123",$0.6122,"$4,360.70",
PC10947,Grandmas Peanut Butter Cookie,Cookies & Crackers,"1,525",$0.6121,$933.45,
PC10948,Gummi Bears Gummi Factory,Candy,868,$0.8446,$733.11,
PC10949,Halls Honey Lemon,Sundry Items,204,$0.9352,$190.78,
PC10955,Hersheys Almond King,Candy,"15,381",$2.1764,"$33,475.21",
PC10956,Hersheys Milk Chocolate,Candy,212,$1.2002,$254.44,
PC10958,Hot Pocket Ham & Cheese,Frozen Food,"6,444",$0.9940,"$6,405.34",
PC10959,Hot Pocket Pepperoni Pizza,Frozen Food,"11,827",$0.9940,"$11,756.04",
PC10961,Jack Links Original,Snack,"4,920",$1.4919,"$7,340.15",
PC10962,Jack Links Teriyaki Beef Jerky 70 Cal,Snack,"5,321",$1.4950,"$7,954.90",
PC10964,Kars Peanut Almond Cashew Mix,Nuts,"1,175",$0.7130,$837.78,
PC10965,Kars Roasted Salted Peanut,Nuts,"1,128",$0.5653,$637.66,
PC10968,Kind Cranberry Almond & Antiox,Healthy Bars,"1,933",$1.4682,"$2,838.03",
PC10969,Kind Fruit and Nut Delight,Healthy Bars,"1,075",$1.4778,"$1,588.63",
PC10970,Kind Peanut Butter Dark Chocolate,Healthy Bars,231,$1.4765,$341.07,
PC10971,Kit Kat King,Candy,"21,484",$2.1765,"$46,759.93",
PC10972,Knotts Strawberry Cookie,Cookies & Crackers,"13,284",$0.6569,"$8,726.26",
PC10973,Kotex Tampon,Sundry Items,712,$0.1000,$71.20,
PC10978,Lays Regular Classic,Chips,"11,019",$0.7125,"$7,851.04",
PC10980,Lean Cuisine Lasagna with Meat Sauce,Frozen Food,568,$2.8092,"$1,595.63",
PC10984,M&M Peanut,Candy,"27,344",$1.1694,"$31,976.07",
PC10985,M&M Peanut Minis XL Tablet,Candy,195,$1.9150,$373.43,
PC10986,M&M Plain,Candy,"6,883",$1.1695,"$8,049.67",
PC10987,Maruchan Beef Cup Soup,Hot Food,908,$0.5946,$539.90,
PC10988,Maruchan Ramen Bowl Soup Hot & Spicy,Hot Food,"6,847",$1.0700,"$7,326.29",
PC10989,Maruchan Chicken Cup Soup,Hot Food,"23,291",$0.6150,"$14,323.97",
PC10990,Maruchan Lime Chili Chicken Cup Soup,Hot Food,"5,708",$0.6150,"$3,510.42",
PC10991,Maruchan Lime Chili Shrimp Cup Soup,Hot Food,"6,673",$0.6148,"$4,102.56",
PC10992,Mentos Mixed Fruit,Candy Gum & Mints,229,$0.9060,$207.47,
PC10993,Mentos Mint,Candy Gum & Mints,249,$0.9061,$225.62,
PC10994,Midol,Sundry Items,590,$1.7000,"$1,003.00",
PC10996,Milk Shamrock Chocolate 7oz,Bev Other,222,$0.7571,$168.08,
PC10997,Milk Shamrock Lowfat 7oz,Bev Other,"36,241",$0.7571,"$27,438.06",
PC11002,Motrin,Sundry Items,804,$1.8700,"$1,503.48",
PC11004,Munchies Flamin Hot,Chips,"12,427",$0.7125,"$8,854.24",
PC11005,Nail Clippers,Sundry Items,"1,426",$1.1115,"$1,585.00",
PC11006,Nail Polish Remover Pads,Sundry Items,4,$1.1183,$4.47,
PC11007,Nature Valley Granola Oat & Honey,Healthy Bars,"5,906",$0.4836,"$2,856.14",
PC11008,Nature Valley Granola Peanut Butter,Healthy Bars,"1,839",$0.5071,$932.56,
PC11010,Nestle Crunch Dibs,Frozen Ice Cream,"19,397",$2.4100,"$46,746.77",
PC11011,Nongshim Hot and Spicy Noodle Soup,Hot Food,"5,887",$1.3975,"$8,227.08",
PC11013,Nongshim Mild Chicken Noodle Soup,Hot Food,"8,199",$1.3975,"$11,458.10",
PC11015,Nongshim Spicy Shin Noodle Soup,Hot Food,"8,773",$1.3975,"$12,260.27",
PC11016,Nongshim Spicy Shrimp Noodle Soup,Hot Food,"4,755",$1.3975,"$6,645.11",
PC11018,Nutri Grain Blueberry,Healthy Bars,542,$0.4354,$235.99,
PC11019,Nutri Grain Strawberry,Healthy Bars,432,$0.4350,$187.92,
PC11020,NyQuil,Sundry Items,"2,336",$2.2783,"$5,322.11",
PC11021,Old Spice Deodorant,Sundry Items,"2,988",$3.0151,"$9,009.12",
PC11022,OREO Mini Bite Size,Cookies & Crackers,"1,879",$0.4771,$896.47,
PC11023,Otis Chocolate Chunk Cookie,Cookies & Crackers,"2,742",$1.2788,"$3,506.47",
PC11024,Otis Muffin Banana Nut,Pastry,"7,484",$0.8787,"$6,576.19",
PC11025,Otis Muffin Chocolate Chip,Pastry,"6,900",$0.8975,"$6,192.75",
PC11026,Otis Muffin Wild Blueberry,Pastry,"8,965",$0.9787,"$8,774.05",
PC11027,Payday Bar,Candy,"1,150",$1.2398,"$1,425.77",
PC11028,Pepto Bismol,Sundry Items,"4,711",$2.1416,"$10,089.08",
PC11033,Popchips BBQ Potato,Chips,92,$0.7579,$69.73,
PC11035,Kellogs Pop Tarts Strawberry,Snack,"9,513",$0.7748,"$7,370.67",
PC11038,Pringles Original,Chips,"13,855",$0.7453,"$10,326.13",
PC11039,Pringles Sour Cream & Onion,Chips,"15,314",$0.7435,"$11,385.96",
PC11040,Quaker Oatmeal Maple & Brown,Cereal,631,$1.2656,$798.59,
PC11042,Red Vines Original 4oz Peg,Candy,"12,313",$0.9554,"$11,763.84",
PC11043,Reeses PB Cup,Candy,"20,822",$1.2452,"$25,927.55",
PC11045,Rice Krispies Treats Original 1.41oz,Snack,"10,159",$0.5970,"$6,064.92",
PC11048,Ruffles Baked Cheddar & Sour Cream,Chips,"2,623",$0.7125,"$1,868.89",
PC11049,Sahale Almond Mix Mango Tango,Nuts,197,$1.3144,$258.94,
PC11050,Sahale Cashews Pomegranite With Vanilla,Nuts,"1,460",$1.4418,"$2,105.03",
PC11051,Sahale Honey Almonds,Nuts,"1,301",$1.4329,"$1,864.20",
PC11054,Scope Mouthwash,Sundry Items,"1,949",$1.4524,"$2,830.73",
PC11055,Second Nature Simplicity Medley Trail Mix,Nuts,164,$1.5289,$250.74,
PC11056,Second Nature Wholesome Medley,Nuts,208,$1.5296,$318.16,
PC11061,Skittles Fruit,Candy,"13,612",$1.1694,"$15,917.87",
PC11062,Skittles Sour,Candy,"5,007",$1.1694,"$5,855.19",
PC11063,Smartfood White Cheddar Popcorn,Chips,"6,392",$0.7125,"$4,554.30",
PC11064,Snickers Ice Cream Bar,Frozen Ice Cream,"23,200",$1.1004,"$25,529.28",
PC11068,Sour Patch Kids,Candy,"12,116",$1.1778,"$14,270.22",
PC11073,Stouffers Mac and Cheese,Frozen Food,"2,652",$2.8092,"$7,450.00",
PC11074,Stouffers Lasagna with Meat Sauce,Frozen Food,"3,111",$3.2767,"$10,193.81",
PC11075,Sunchips Garden Salsa,Chips,268,$0.4880,$130.78,
PC11076,Sunchips Harvest Cheddar,Chips,13,$0.4880,$6.34,
PC11078,Banana Boat Sport Sunscreen,Sundry Items,"2,491",$2.3328,"$5,811.00",
PC11081,Sweet Serenity Chocolate Chip Cookies,Cookies & Crackers,"11,102",$0.5436,"$6,035.05",
PC11084,Takis Fuego,Chips,"5,321",$0.7362,"$3,917.32",
PC11087,Tresemme Non Aerosol Hairspray,Sundry Items,"1,469",$3.2131,"$4,720.04",
PC11088,Trident Spearmint,Candy Gum & Mints,"3,845",$0.8793,"$3,380.91",
PC11089,Trojan Lubed,Sundry Items,733,$1.8983,"$1,391.45",
PC11090,Tums,Sundry Items,68,$2.5286,$171.94,
PC11091,Twix Caramel,Candy,"20,372",$1.1694,"$23,823.02",
PC11092,Tylenol Extra Strength,Sundry Items,"12,022",$1.7716,"$21,298.18",
PC11093,Umbrella Black,Souvenirs,1,$2.2900,$2.29,
PC11095,Uncrustable PB and Strawberry 2oz,Frozen Food,"1,461",$0.8300,"$1,212.63",
PC11096,Uncrustables PB and Grape 2oz,Frozen Food,500,$0.7360,$368.00,
PC11101,Welchs Mixed Fruit Snack 2.25oz,Candy,"10,672",$0.6704,"$7,154.51",
PC11105,Zipkord Power Bank 4000mAh,Electronics,317,$11.9400,"$3,784.98",
PC11156,Pepsi Diet 20 oz,Bev 20 Oz Bottle,"11,439",$1.0478,"$11,985.78",
PC11157,Dasani 20oz,Bev Water,"83,397",$0.6425,"$53,582.57",
PC11162,Dunkin Donuts French Vanilla 13.7 oz,Bev Coffee & Tea,"6,498",$2.1175,"$13,759.52",
PC11163,Dunkin Donuts Mocha 13.7oz,Bev Coffee & Tea,"3,838",$2.1174,"$8,126.58",
PC14007,Coke Zero 12oz,Bev 12 Oz Can,"11,922",$0.6324,"$7,539.47",
PC14008,Coke 12oz,Bev 12 Oz Can,"17,672",$0.6320,"$11,168.70",
PC14009,Cactus Cooler 12oz,Bev 12 Oz Can,"4,103",$0.6711,"$2,753.52",
PC14010,Canada Dry Ginger Ale 12oz,Bev 12 Oz Can,"5,156",$0.6747,"$3,478.75",
PC14011,Dr Pepper 12oz,Bev 12 Oz Can,"6,179",$0.6263,"$3,869.91",
PC14013,Dole Apple Juice,Bev Juice,"11,970",$1.5416,"$18,452.95",
PC14014,Digiorno Four Cheese Pizza,Frozen Food,"4,041",$3.7119,"$14,999.79",
PC14015,Aquafina 20oz,Bev Water,"51,904",$0.6705,"$34,801.63",
PC14016,Gatorade Zero Glacier Freeze 20oz,Bev 20 Oz Bottle,"3,789",$1.3416,"$5,083.32",
PC14355,Beer Corona Extra 12oz,Bev Beer & Wine,270,$0.0001,$0.03,
PC14363,Belvita Biscuit Blueberry,Snack,582,$0.9709,$565.06,
PC14364,Cheez-It White Cheddar 1.5oz,Snack,"5,541",$0.3620,"$2,005.84",
PC14365,Ruffles Regular,Chips,"3,434",$0.7125,"$2,446.72",
PC14366,Famous Amos Chocolate Chip Cookie,Cookies & Crackers,580,$0.4523,$262.33,
PC14367,Fiber One Chew Oats,Healthy Bars,302,$0.7829,$236.44,
PC16065,5 Gum Spearmint Rain,Candy Gum & Mints,"1,522",$1.5384,"$2,341.44",
PC16236,Boulder Jalapeno Cheddar Chips,Chips,"2,980",$0.5710,"$1,701.58",
PC16237,Quest Protein Bar Choc Chip Cookie Dough,Healthy Bars,386,$2.2025,$850.17,
PC16238,Quest Protein Bar Cookies & Cream,Healthy Bars,426,$2.1854,$930.98,
PC16246,Coke Diet 12oz,Bev 12 Oz Can,"7,461",$0.6321,"$4,716.10",
PC16247,Coke Cherry 12oz,Bev 12 Oz Can,926,$0.6326,$585.79,
PC16248,Brisk 12oz,Bev 12 Oz Can,"3,198",$0.5750,"$1,838.85",
PC16249,Sprite 12oz,Bev 12 Oz Can,"5,362",$0.6322,"$3,389.86",
PC16250,Dr Pepper Diet 12oz,Bev 12 Oz Can,"1,922",$0.6267,"$1,204.52",
PC16263,Fritos Original Corn Chips,Chips,"2,647",$0.7125,"$1,885.99",
PC16264,Dole Orange Juice,Bev Juice,"11,874",$1.5416,"$18,304.96",
PC16270,La Croix Sparkling Orange,Bev 12 Oz Can,138,$0.4649,$64.16,
PC16271,Gatorade Fruit Punch 20oz,Bev 20 Oz Bottle,"21,968",$1.3396,"$29,428.33",
PC16273,Crush Orange 20oz,Bev 20 Oz Bottle,"2,297",$1.0465,"$2,403.81",
PC16274,Gatorade Lemon Lime 20oz,Bev 20 Oz Bottle,"6,850",$1.3417,"$9,190.65",
PC16275,Brisk 20oz,Bev 20 Oz Bottle,488,$1.0373,$506.20,
PC16458,Crush Orange 12oz,Bev 12 Oz Can,"2,426",$0.5738,"$1,392.04",
PC16462,Mountain Dew 12oz,Bev 12 Oz Can,789,$0.5676,$447.84,
PC16463,Pepsi 12oz,Bev 12 Oz Can,"1,415",$0.5754,$814.19,
PC16471,Gold Peak Sweetened Tea 18.5oz,Bev Coffee & Tea,-18,$1.3507,-$24.31,
PC16472,Gold Peak Unsweetened Tea 18.5oz,Bev Coffee & Tea,62,$1.3503,$83.72,
PC16473,5 HR Energy 1.93oz,Bev Energy Drinks,817,$1.8400,"$1,503.28",
PC16475,Monster Mango 16oz,Bev Energy Drinks,"1,943",$1.6496,"$3,205.17",
PC16477,Red Bull 12oz,Bev Energy Drinks,486,$3.0767,"$1,495.28",
PC16483,Life Saver Gummies 5 Flavor Peg 7oz,Candy,"1,184",$1.8517,"$2,192.41",
PC16485,Reeses Pieces Peanut Butter Cups,Candy,906,$2.2419,"$2,031.16",
PC16487,Tic Tac Orange Mints,Candy Gum & Mints,8,$1.1525,$9.22,
PC16488,Trident Wintergreen,Candy Gum & Mints,590,$1.1828,$697.85,
PC16492,Pepe's Chicharrones Pork Rinds,Chips,298,$0.3965,$118.16,
PC16493,Grandmas Oatmeal Raisin Cookie,Cookies & Crackers,337,$0.6116,$206.11,
PC16494,Knotts Raspberry Cookie,Cookies & Crackers,"1,914",$0.5182,$991.83,
PC16495,Lenny and Larry Double Chocolate Chip Cookie,Cookies & Crackers,438,$1.9034,$833.69,
PC16496,Lenny and Larry Snickerdoodle Cookie,Cookies & Crackers,353,$1.9024,$671.55,
PC16497,Ritz Cracker Cheese Sandwich,Cookies & Crackers,"2,358",$0.0087,$20.51,
PC16501,Amys Enchilada Cheese,Frozen Food,"1,336",$5.4708,"$7,308.99",
PC16506,El Monterey Egg Sausage Cheese & Potato Burrito,Frozen Food,"4,906",$1.2479,"$6,122.20",
PC16510,Baskin Robbins Cookies N Cream Pint,Frozen Ice Cream,"4,341",$4.8763,"$21,168.02",
PC16519,Nature Valley Fruit & Nut Trail Mix,Healthy Bars,8,$0.5500,$4.40,
PC16521,Maruchan Shrimp Cup Soup,Hot Food,"1,841",$0.6150,"$1,132.21",
PC16522,Big Texas Cinnamon Roll,Pastry,"2,570",$0.8486,"$2,180.90",
PC16523,Dolly Madison Golden Cream Cake,Pastry,"5,365",$0.7714,"$4,138.56",
PC16524,Nemos Banana Square Cake,Pastry,568,$1.4490,$823.03,
PC16525,Nemos Carrot Square Cake,Pastry,927,$1.4447,"$1,339.24",
PC16526,Nemos Chocolate Square Cake,Pastry,658,$1.4445,$950.48,
PC16529,Jack Links Peppered Beef Jerky 80 cal.,Snack,"1,820",$1.4889,"$2,709.80",
PC16530,Rice Krispie Treat Whole Grain - Sylmar Only,Snack,20,$0.7370,$14.74,
PC16533,Ares Liquid Detergent HE,Laundry,"16,284",$1.3404,"$21,827.07",
PC16535,Bounce Fabric Softner,Laundry,"7,973",$1.1626,"$9,269.41",
PC16549,Fanta Orange 12oz,Bev 12 Oz Can,834,$0.6435,$536.68,
PC18961,Beer Heineken 12oz,Bev Beer & Wine,262,$0.0001,$0.03,
PC18962,Beer Bud Light 12oz,Bev Beer & Wine,926,$0.0001,$0.09,
PC18971,Beer Coors Light 12oz,Bev Beer & Wine,548,$0.0001,$0.05,
PC19047,Tapatio Ramen Original Noodle Soup,Hot Food,195,$1.6257,$317.01,
PC19048,Tapatio Ramen Chicken Noodle Soup,Hot Food,867,$1.8983,"$1,645.83",
PC19049,Quaker Oatmeal Apple & Cinnamon,Cereal,129,$1.2874,$166.07,
PC19076,San Pellegrino Sparkling Mineral Water 16.9oz,Bev Water,"14,910",$1.2762,"$19,028.14",
PC19078,Stacy's Pita Chip Simply Naked,Chips,89,$0.7600,$67.64,
PC19079,Salsitas Spicy Chips,Chips,449,$0.6359,$285.52,
PC19081,Black Forest Fruit Snacks,Candy,24,$0.5965,$14.32,
PC19085,Herbal Essences Shampoo 1.7 oz,Sundry Items,127,$0.0000,$0.00,
PC19086,Herbal Essences Conditioner 1.7 oz,Sundry Items,74,$1.4011,$103.68,
PC19087,Tapatio Ramen Beef Noodle Soup,Hot Food,473,$1.7419,$823.92,
PC20288,Pepsi Diet 12oz,Bev 12 Oz Can,137,$0.5754,$78.83,
PC20289,Quest Protein Bar S'mores,Healthy Bars,32,$2.1700,$69.44,
PC20295,Dove Hot Chocolate,OCS Coffee,"1,512",$0.5801,$877.11,
PC20296,Alterra Froth Real Milk,OCS Coffee,"3,240",$0.3744,"$1,213.06",
PC20297,Starbucks Pikes Place Flavia,OCS Coffee,"5,320",$0.7662,"$4,076.18",
PC20298,Starbucks Veranda Blend Flavia,OCS Coffee,"5,167",$0.7723,"$3,990.47",
PC20299,Starbucks Verona Flavia,OCS Coffee,"5,700",$0.7661,"$4,366.77",
PC21186,Digiorno Pepperoni Cheese Pizza,Frozen Food,"6,198",$3.7120,"$23,006.98",
PC21201,Bodyarmor Orange Mango,Bev Other,830,$1.5720,"$1,304.76",
PC21202,Starbucks Caramel Frappuccino RTD 9.5oz,Bev Coffee & Tea,"4,991",$1.3503,"$6,739.35",
PC21222,Pure Leaf Sweet Tea - 18.5oz,Bev Coffee & Tea,"3,690",$1.5390,"$5,678.91",
PC21237,Powerade Lemon Lime 20oz,Bev 20 Oz Bottle,"3,387",$0.8636,"$2,925.01",
PC21295,Fuel Surcharge,DEFAULT,10,$14.6459,$146.46,
PC21529,Funyuns Onion Flavored Rings,Chips,64,$0.8122,$51.98,
PC21853,Nestle Tollhouse Chocolate Chip Cookie Sandwich,Frozen Ice Cream,"12,698",$2.4100,"$30,602.18",
PC21854,Fiji Water 16.9oz,Bev Water,"27,678",$1.1621,"$32,164.60",
PC21861,Halls Cherry,Sundry Items,9,$0.8600,$7.74,
PC21863,Tums Ultra Berry,Sundry Items,"2,756",$2.5285,"$6,968.55",
AVR00133,Starburst Flavor Red 2.07oz,Candy,115,$1.1694,$134.48,
AVR00140,Smartfood White Cheddar 1.75oz,Chips,"3,860",$1.3346,"$5,151.56",
AVR00141,Rold Gold Pretzels Thins Original 3.5oz,Chips,"2,433",$1.3350,"$3,248.05",
AVR00143,Food Should Taste Good Sweet Potato Tortilla Chips,Chips,887,$1.1213,$994.59,
AVR00144,Cheetos Flamin Hot 2.75oz,Chips,"3,427",$1.3347,"$4,574.02",
AVR00145,Lays Original 2.25oz,Chips,"2,970",$1.3346,"$3,963.76",
AVR00146,Lays BBQ 2.25oz,Chips,"2,691",$1.3346,"$3,591.41",
AVR00147,Doritos Nacho Cheese 2.5oz,Chips,"3,524",$1.3346,"$4,703.13",
AVR00148,Doritos Cool Ranch 2.5oz,Chips,"3,226",$1.3346,"$4,305.42",
AVR00149,Schweppe's Ginger Ale 20oz,Bev 20 Oz Bottle,"1,806",$1.0479,"$1,892.51",
AVR00150,Pure Leaf Raspberry Tea - 18.5oz,Bev Coffee & Tea,972,$1.5392,"$1,496.10",
AVR00154,Sabra Roasted Red Pepper Hummus w/Pretzel 4.56oz,Fresh,99,$2.7642,$273.66,
AVR00156,Haagen Dazs Milk Chocolate Almond Ice Cream Bar,Frozen Ice Cream,"12,548",$2.4100,"$30,240.68",
AVR00532,Emery Boards,Sundry Items,32,$1.1900,$38.08,
AVR00601,Cheetos Crunchy 2.75oz,Chips,"3,884",$1.3347,"$5,183.97",
AVR02387,Waiter's Corkscrew,Sundry Items,254,$2.1325,$541.66,
AVR06020,Minute Maid Pink Lemonade 20oz,Bev 20 Oz Bottle,"1,836",$1.2746,"$2,340.17",
AVR06055,HK Anderson PB Pretzel Nuggets 2.5oz,Snack,"1,947",$0.7588,"$1,477.38",
AVR08848,Chester's Fries Flamin Hot,Chips,"4,561",$0.7125,"$3,249.71",
AVR09658,Mountain Diet Dew 20oz,Bev 20 Oz Bottle,"2,343",$1.0479,"$2,455.23",
AVR11110,Orchard Valley Cranberry Almond Cashew,Nuts,"1,702",$1.2922,"$2,199.32",
AVR11112,Orchard Valley Almonds Dark Chocolate,Nuts,"1,465",$1.2464,"$1,825.98",
AVR11120,Spudlove Sea Salt Thick Cut Potato Chips,Chips,547,$0.8000,$437.60,
AVR11641,Elite Dual Car Charger,Electronics,67,$4.6000,$308.20,
AVR11642,Elite Iphone Charger 10Ft,Electronics,"1,721",$4.6000,"$7,916.60",
AVR11643,Elite Android Charger Type C 5FT,Electronics,"1,242",$4.2500,"$5,278.50",
AVR11644,Elite PD Home Charger,Electronics,713,$6.9500,"$4,955.35",
AVR11645,Elite Mini Power Bank,Electronics,"1,313",$0.0000,$0.00,
AVR11662,Reusable Utensils with Case,Sundry Items,10,$6.1900,$61.90,
AVR13201,Disney Mist Fan RG Classic Minnie Pink,Souvenirs Disney,32,$5.2000,$166.40,
AVR14634,Sour Patch Kids Watermelon,Candy,"9,429",$1.1802,"$11,128.11",
AVR14641,Hillshire Italian Dry Salame,Fresh,"2,443",$2.3567,"$5,757.42",
AVR14642,Hillshire Genoa Salame,Fresh,"2,496",$2.3567,"$5,882.32",
AVR14655,Dr Pepper Zero 20oz,Bev 20 Oz Bottle,"5,380",$1.2854,"$6,915.45",
AVR14656,Alterra Coffee Donut Shop,OCS Coffee,"5,500",$0.4753,"$2,614.15",
AVR14657,Alterra Coffee House Blend Decaf,OCS Coffee,"2,520",$0.4882,"$1,230.26",
AVR14658,Alterra Coffee French Vanilla,OCS Coffee,"5,000",$0.4517,"$2,258.50",
AVR14659,Bright Tea Company Lemon Herbal Tea,OCS Coffee,"5,405",$0.3788,"$2,047.41",
AVR14660,Bright Tea Company Chai Spice Tea,OCS Coffee,"2,443",$0.3707,$905.62,
AVR14918,Life Water Premium 1L,Bev Water,"14,937",$1.9182,"$28,652.15",
857310005078,Nightfood Midnight Chocolate Ice Cream,Frozen Ice Cream,"1,039",$3.3500,"$3,480.65",
857310005139,Nightfood Cookies & Dreams Ice Cream,Frozen Ice Cream,"1,353",$0.0000,$0.00,
AVR15005,Elite International Travel Adaptor,Electronics,246,$7.0500,"$1,734.30",
AVR15006,Elite PD Android Charger Type C 5FT,Electronics,202,$6.0500,"$1,222.10",
AVR15007,Elite PD Iphone Charger 5Ft,Electronics,288,$6.0500,"$1,742.40",
AVR15008,Elite PD Combo Iphone Charger 5FT,Electronics,556,$0.0000,$0.00,
AVR15036,ESL BB Spicy Tuna Salad on Dark Wheat,Fresh Food,35,$2.4400,$85.40,
AVR15037,ESL BB Turkey & Cheddar Triangle on Wheat,Fresh Food,"1,620",$2.4543,"$3,975.97",
AVR15039,ESL BB Ham & Swiss Croissant,Fresh Food,"1,254",$3.8067,"$4,773.60",
AVR15040,ESL BB PB & Strawberry Preserves w/Granola on Honey Oat Wheat,Fresh Food,439,$2.4726,"$1,085.47",
AVR15041,BB Plain Bagel w/ Cream Cheese,Fresh Food,428,$2.1269,$910.31,
AVR15042,BB Pesto Chicken Salad Pita,Fresh Food,494,$3.0611,"$1,512.18",
AVR15043,GF Chicken Caesar Salad,Fresh Food,354,$4.4448,"$1,573.46",
AVR15044,GF Perfect Strawberry Parfait,Fresh Food,401,$2.9500,"$1,182.95",
AVR15045,GF Bacon Breakfast Burrito,Fresh Food,360,$2.6883,$967.79,
AVR15053,Elite PD Combo Android Charger (Type C to Type C) 5FT,Electronics,336,$10.2556,"$3,445.88",
AVR15107,ESL BB Roast Beef & Horseradish Mayo on Pretzel Sub,Fresh Food,241,$3.8067,$917.41,
AVR15108,ESL BB Egg Salad on Hawaiian,Fresh Food,"1,247",$2.4513,"$3,056.77",
AVR15109,BB Turkey & Veggies on Multrigrain,Fresh Food,145,$3.0967,$449.02,
AVR15110,BB Turkey & Jack Cheese w/Southwest Mayo,Fresh Food,914,$3.4236,"$3,129.17",
AVR15123,Bare Baked Crunchy Cinnamon Apple Chips,Snack,"1,126",$2.1784,"$2,452.88",
AVR15124,Bare Baked Crunchy Simply Banana Chips,Snack,814,$2.0850,"$1,697.19",
AVR15125,RXBAR Protein Blueberry,Healthy Bars,"1,290",$1.8007,"$2,322.90",
AVR15126,RXBAR Protein Chocolate Coconut,Healthy Bars,"1,484",$1.9864,"$2,947.82",
AVR15127,RXBAR Protein Peanut Butter,Healthy Bars,"1,142",$1.9863,"$2,268.35",
AVR15128,Hint Strawberry Kiwi Infused Water,Bev Other,"1,044",$1.1325,"$1,182.33",
AVR15166,GF Asian Salad,Fresh Food,25,$4.2300,$105.75,
AVR15167,GF Tangy Mango w/Tajin Fruit Cup,Fresh Food,579,$2.3566,"$1,364.47",
AVR15168,GF Chicken Alfredo Entree,Fresh Food,80,$3.7809,$302.47,
AVR15292,So Love So Cal Blue Hat,Souvenirs,32,$9.9400,$318.08,
AVR15293,So Love So Cal Tan Hat,Souvenirs,32,$10.4600,$334.72,
AVR15301,GF Sausage Egg & Cheese Breakfast Muffin,Fresh Food,521,$2.4187,"$1,260.14",
AVR15302,GF Buffalo Chicken Wrap,Fresh Food,327,$3.7781,"$1,235.44",
AVR15303,GF Everyday Cookies 'N Cream Pudding,Fresh Food,184,$2.3189,$426.68,
AVR15353,GF Italian Riviera,Fresh Food,90,$3.8000,$342.00,
AVR15354,GF Ham & Swiss Rancher,Fresh Food,18,$3.2500,$58.50,
AVR15355,GF Southwest Chicken Salad,Fresh Food,191,$3.9094,$746.70,
AVR15356,GF S'mores-More Chocolate Pudding,Fresh Food,116,$2.3100,$267.96,
AVR15390,GF Zesty Turkey Wrap,Fresh Food,40,$3.5600,$142.40,
AVR15434,Cereal Cinnamon Toast Crunch,Cereal,"3,084",$1.2158,"$3,749.53",
AVR15436,Cereal Lucky Charms,Cereal,"2,800",$1.2158,"$3,404.24",
AVR15510,Ayres Bath Soap 1.25oz/35g - 250ct,Amenity,53,$61.4297,"$3,255.77",
AVR15511,Ayres Body Lotion In Tube 1fl oz/30 ml - 288ct,Amenity,"7,864",$57.4600,"$451,865.44",
AVR15512,Ayres Conditioner in Tube .75fl oz/22ml - 288ct,Amenity,630,$40.5900,"$25,571.70",
AVR15513,Ayres Conditioning Shampoo in Tube 1fl oz/30ml - 288ct,Amenity,590,$46.9500,"$27,700.50",
AVR15514,Ayres Facial Soap 1oz/28g - 500ct,Amenity,"18,038",$84.3400,"$1,521,324.92",
AVR15516,Ayres Stick Pen Orange - 1000ct,Amenity,17,$100.4100,"$1,706.97",
AVR15517,Desert Palms Body Lotion 40ml - 288ct,Amenity,"2,916",$44.8500,"$130,782.60",
AVR15518,Desert Palms Bath Soap 28g - 300ct,Amenity,"3,087",$49.1800,"$151,818.66",
AVR15520,Desert Palms Facial Soap 25g - 500ct,Amenity,60,$65.0500,"$3,903.00",
AVR15522,Fig and Aloe Body Wash 1.18oz/35ml - 200ct,Amenity,-4,$35.2400,-$140.96,
AVR15523,Fig and Aloe Conditioner 1.18oz/35ml - 200ct,Amenity,-3,$36.5700,-$109.71,
AVR15524,Fig and Aloe Shampoo 1.18oz/35ml - 200ct,Amenity,-1,$35.2400,-$35.24,
AVR15531,Hawaiian Tropic Gold St Bar - 25g/0.88oz - 300ct,Amenity,"4,808",$48.0000,"$230,784.00",
AVR15540,Oxygen Body Lotion 0.75 fl.oz/22ml - 288ct,Amenity,"1,152",$41.7500,"$48,096.00",
AVR15544,Oxygen Conditioning Shampoo 0.75 fl.oz/22ml - 288ct,Amenity,576,$39.5000,"$22,752.00",
AVR15548,Oxygen Soap 0.42oz/12g - 1000ct,Amenity,"2,000",$61.3500,"$122,700.00",
AVR15549,Oxygen Soap 1.5oz/42g - 250ct,Amenity,500,$57.5400,"$28,770.00",
AVR15551,Woodbury & Co Bath Bar 1.2 fl.oz/35g - 400ct,Amenity,"5,707",$91.3107,"$521,110.16",
AVR15553,Woodbury & Co Body Lotion BT 1.7 fl oz/50ml - 200ct,Amenity,"1,060",$67.0000,"$71,020.00",
AVR15554,Woodbury & Co Body Wash 1 fl oz - 288ct,Amenity,"11,520",$54.7100,"$630,259.20",
AVR15555,Woodbury & Co Body Wash BT 1.7 fl oz/50ml - 200ct,Amenity,"2,003",$59.2000,"$118,577.60",
AVR15556,Woodbury & Co Clean Soap 1 fl oz/28g - 500ct,Amenity,549,$93.9164,"$51,560.10",
AVR15557,Woodbury & Co Conditioner 1 fl oz - 288ct,Amenity,"11,520",$54.7100,"$630,259.20",
AVR15558,Woodbury & Co Conditioner BT 1.7 fl oz/50ml - 200ct,Amenity,"1,200",$59.2741,"$71,128.92",
AVR15559,Woodbury & Co Facial Soap Pleat 0.75 fl oz/21g - 500ct,Amenity,12,$62.0100,$744.12,
AVR15560,Woodbury & Co Shampoo 1 fl oz - 288ct,Amenity,"9,216",$54.7100,"$504,207.36",
AVR15561,Woodbury & Co Shampoo BT 1.7 fl oz/50ml - 200ct,Amenity,"2,232",$59.2000,"$132,134.40",
AVR15563,7UP Zero Sugar Lemon Lime 12oz,Bev 12 Oz Can,97,$0.7119,$69.05,
AVR15564,Squirt 12oz,Bev 12 Oz Can,169,$0.7119,$120.31,
AVR15568,Squirt 20 oz,Bev 20 Oz Bottle,72,$1.3252,$95.41,
AVR15581,Karat Eco Hot Cups 10oz - 1000ct,OCS Paper Supplies,"3,007",$79.5032,"$239,066.12",
AVR15582,Karat Eco Hot Cups 12oz - 1000ct,OCS Paper Supplies,"1,125",$89.0026,"$100,127.93",
AVR15583,Karat Eco Hot Cups 16oz - 1000ct,OCS Paper Supplies,9,$75.8500,$682.65,
AVR15585,Karat Bio Based Knives - 1000ct,OCS Paper Supplies,11,$34.3500,$377.85,
AVR15586,Karat Bio Based Spoons - 1000ct,OCS Paper Supplies,5,$37.1251,$185.63,
AVR15588,Lipton Tea Bag Decaf - 72ct,Coffee Supplies,12,$5.7400,$68.88,
AVR15590,Nestle Hazelnut Bulk Creamer 1.5Gal,Coffee Supplies,52,$97.9300,"$5,092.36",
AVR15591,Nestle Original Bulk Creamer 1.5Gal,Coffee Supplies,30,$84.1500,"$2,524.50",
AVR15592,Styrofoam Cup 10oz - 1000ct,Coffee Supplies,"4,004",$40.5200,"$162,242.08",
AVR15593,Sweet N Low Packets - 1500ct,Coffee Supplies,8,$13.5757,$108.61,
AVR15596,Big AZ Spicy Chicken Flm Wrap 9.7oz,Frozen Food,8,$2.4113,$19.29,
AVR15608,Cinnamon Toast Crunch Cereal Bar,Healthy Bars,10,$0.4172,$4.17,
AVR15609,Trix Cereal Bar,Healthy Bars,136,$0.4150,$56.44,
AVR15610,Oatmeal Cinnamon Apple - 10lb,Hot Food,232,$41.7721,"$9,691.13",
AVR15611,Oatmeal Maple Brown Sugar - 10lb,Hot Food,275,$40.5775,"$11,158.81",
AVR15612,Alterra Coffee Columbia,OCS Coffee,"6,600",$0.4795,"$3,164.70",
AVR15613,Alterra Coffee French Roast,OCS Coffee,"5,800",$0.4637,"$2,689.46",
AVR15614,Alterra Coffee Hazelnut,OCS Coffee,"3,400",$0.4647,"$1,579.98",
AVR15615,Alterra Coffee Sumatra,OCS Coffee,"1,506",$0.3960,$596.38,
AVR15616,Bigelow Constant Comment Tea - 168ct,OCS Coffee,184,$21.0300,"$3,869.52",
AVR15617,Bigelow Earl Grey - Tea 168ct,OCS Coffee,6,$21.0300,$126.18,
AVR15619,Bigelow English Tea Time - 168ct,OCS Coffee,2,$21.0756,$42.15,
AVR15620,Bigelow Green Tea - 168ct,OCS Coffee,"1,426",$21.0300,"$29,988.78",
AVR15621,Bigelow Green Tea with Pomegranate - 168ct,OCS Coffee,173,$21.0296,"$3,638.12",
AVR15622,Bigelow Herbal Cozy Chamomile Tea - 168ct,OCS Coffee,8,$21.0300,$168.24,
AVR15623,Bigelow Herbal Orange Spice Tea - 168ct,OCS Coffee,209,$21.0300,"$4,395.27",
AVR15624,Bigelow Lemon Ginger Tea - 168ct,OCS Coffee,"2,709",$21.0300,"$56,970.27",
AVR15625,Bigelow Lemon Lift - 168ct,OCS Coffee,5,$20.5986,$102.99,
AVR15626,Bigelow Mint Medley Tea - 168ct,OCS Coffee,9,$21.0300,$189.27,
AVR15627,Bigelow Tahitian Breeze - 168ct,OCS Coffee,1,$27.6600,$27.66,
AVR15628,Bright Tea Company English Breakfast,OCS Coffee,"1,200",$0.3717,$446.04,
AVR15629,Bright Tea Company Green with Jasmine,OCS Coffee,"4,700",$0.3751,"$1,762.97",
AVR15630,Bright Tea Company Peppermint Herbal,OCS Coffee,"2,700",$0.3756,"$1,014.12",
AVR15631,CBTL Coffee Columbia - 18ct,OCS Coffee,110,$27.3026,"$3,003.29",
AVR15632,CBTL Coffee Creme Brulee - 18ct,OCS Coffee,4,$25.4100,$101.64,
AVR15633,CBTL Coffee Decaf House Blend - 18ct,OCS Coffee,58,$29.7500,"$1,725.50",
AVR15634,CBTL Coffee French Roast - 18ct,OCS Coffee,90,$27.8393,"$2,505.54",
AVR15635,CBTL Coffee French Vanilla - 18ct,OCS Coffee,5,$25.8180,$129.09,
AVR15638,Gavina 590 Coffee Blend Grind 2.5oz - 42ct,OCS Coffee,"3,398",$48.5800,"$165,074.84",
AVR15639,Gavina 684 Coffee Northwest Blend 3oz - 42ct,OCS Coffee,51,$66.0075,"$3,366.38",
AVR15641,Gavina 694 Coffee Northwest Blend 2oz - 42ct,OCS Coffee,112,$41.9930,"$4,703.22",
AVR15642,Gavina 717 Coffee Grind 2.0oz - 42ct,OCS Coffee,99,$35.4337,"$3,507.94",
AVR15643,Gavina 752 Coffee Decaf Grind 2.0 - 42ct,OCS Coffee,3,$46.9300,$140.79,
AVR15644,Gavina 753 Coffee Decaf Grind 2.5oz - 42ct,OCS Coffee,"1,627",$56.8142,"$92,436.70",
AVR15645,Gavina 5302 Coffee Vend Blend Grind 12 by 2lbs,OCS Coffee,5,$108.1000,$540.50,
AVR15646,JavaOne French Roast Decaf Pod - 200ct,OCS Coffee,"1,400",$53.8742,"$75,423.88",
AVR15647,JavaOne French Roast Pod - 200ct,OCS Coffee,"5,024",$48.9449,"$245,899.18",
AVR15650,Seattle Best Portside Ground Decaf Coffee - 6ct,OCS Coffee,64,$47.1400,"$3,016.96",
AVR15654,Starbucks Espresso Roast Flavia,OCS Coffee,648,$0.5581,$361.65,
AVR15655,Tasters Choice Decaf Sticks,OCS Coffee,"1,633",$18.6060,"$30,383.60",
AVR15657,Truvia Sweetener - 840ct,OCS Coffee,856,$51.7667,"$44,312.30",
AVR15658,Bustelo 100% Colombian 2LT,OCS Coffee Liquid,43,$81.1467,"$3,489.31",
AVR15660,Dark Colombian Blend Coffee Concentrate,OCS Coffee Liquid,433,$31.1496,"$13,487.78",
AVR15661,Dark Colombian Blend Decaf Coffee Concentrate,OCS Coffee Liquid,96,$32.2012,"$3,091.32",
AVR15662,Folgers Special Reserve 1.25LT,OCS Coffee Liquid,746,$69.9188,"$52,159.42",
AVR15663,Folgers Special Reserve 2LT,OCS Coffee Liquid,821,$80.1096,"$65,769.98",
AVR15664,Folgers Special Reserve Decaf 1.25LT,OCS Coffee Liquid,174,$58.3850,"$10,158.99",
AVR15669,Vanllee Key Cards,OCS Hotel Supplies,"7,000",$0.4041,"$2,828.70",
AVR15670,Bag In Box Apple 100% 3 GAL,OCS Juice,77,$41.7000,"$3,210.90",
AVR15671,Bag In Box Diet Fruit Punch 3 GAL,OCS Juice,18,$13.0189,$234.34,
AVR15672,Bag In Box Ice Tea Unsweetened 3 GAL,OCS Juice,49,$13.5070,$661.84,
AVR15673,Bag In Box Lemonade 3 GAL,OCS Juice,13,$17.6554,$229.52,
AVR15674,Bag In Box Nectar Thickened Water 3 GAL,OCS Juice,84,$20.3244,"$1,707.25",
AVR15675,Bag In Box Orange Blend 100% 3 GAL,OCS Juice,79,$63.9854,"$5,054.85",
AVR15676,Bag In Box Passion Orange Guava 3 GAL,OCS Juice,15,$26.8644,$402.97,
AVR15677,Bag In Box Pineapple 3 GAL,OCS Juice,26,$32.4486,$843.66,
AVR15678,Bag In Box Prune 3 GAL,OCS Juice,26,$56.1881,"$1,460.89",
AVR15679,Bag In Box Red Cranberry 3 GAL,OCS Juice,63,$27.6945,"$1,744.75",
AVR15680,Bag In Box Strawberry Kiwi 3 GAL,OCS Juice,87,$17.0500,"$1,483.35",
AVR15681,Bag In Box White Cranberry 3 GAL,OCS Juice,35,$22.6000,$791.00,
AVR15682,Juice Pack Apple 100%,OCS Juice,162,$41.4820,"$6,720.08",
AVR15683,Juice Pack Apple 50%,OCS Juice,238,$34.7000,"$8,258.60",
AVR15684,Juice Pack Cranberry,OCS Juice,69,$35.6464,"$2,459.60",
AVR15685,Juice Pack Ice Tea Green with Honey,OCS Juice,2,$30.0500,$60.10,
AVR15686,Juice Pack Ice Tea Green with Peach,OCS Juice,1,$26.9941,$26.99,
AVR15687,Juice Pack Lemonade,OCS Juice,38,$31.8433,"$1,210.05",
AVR15688,Juice Pack Orange 50%,OCS Juice,73,$59.6100,"$4,351.53",
AVR15689,Juice Pack Orange Blend 100%,OCS Juice,415,$67.0000,"$27,805.00",
AVR15690,Juice Pack Orange Premium 100%,OCS Juice,186,$89.0000,"$16,554.00",
AVR15691,Juice Pack Passion Orange Guava,OCS Juice,159,$26.8200,"$4,264.38",
AVR15692,Juice Pack Strawberry Kiwi Nourish Water,OCS Juice,91,$20.0410,"$1,823.73",
AVR15693,AJM Pack Paper Plate 9in - 1200ct,OCS Paper Supplies,"11,611",$38.9655,"$452,428.42",
AVR15697,Seattle Best Hot Cups 12oz - 1000ct,OCS Paper Supplies,"10,006",$116.6600,"$1,167,299.96",
AVR15698,Marcal Towels Kitchen Roll - 30ct,OCS Paper Supplies,"1,305",$30.4033,"$39,676.31",
AVR15700,World Centric Fiber Plate 9 Inch - 1000ct,OCS Paper Supplies,"6,130",$94.4315,"$578,865.09",
AVR15701,"Berkley Coffee Plastic Stirrers 7"" - 1000ct",OCS Paper Supplies,"3,044",$3.7912,"$11,540.41",
AVR15702,"Berkley Coffee Wooden Stirrers 5.5"" - 1000ct",OCS Paper Supplies,"6,047",$2.4815,"$15,005.63",
AVR15703,C&H Sugar Packets - 2000ct,OCS Supplies,13,$17.5598,$228.28,
AVR15704,"Wooden Coffee Stirrers 7.5"" - 500ct",OCS Paper Supplies,27,$2.7624,$74.58,
AVR15707,Equal Packets - 2000ct,OCS Supplies,5,$30.0600,$150.30,
AVR15710,Grindstone Cappuccino Original Powder 2lb - 6ct,OCS Supplies,2,$33.2500,$66.50,
AVR15711,Grindstone Creamer Canister,OCS Supplies,168,$2.0721,$348.11,
AVR15712,Grindstone French Vanilla Capuccino Powder 2lb - 6ct,OCS Supplies,4,$50.3200,$201.28,
AVR15713,Grindstone Sugar Canister,OCS Supplies,173,$2.3043,$398.64,
AVR15714,Grindstone SW Cocoa Mix - 12ct,OCS Supplies,1,$73.4200,$73.42,
AVR15717,International Delight Caramel Macchiato Creamer - 288ct,OCS Supplies,6,$22.4200,$134.52,
AVR15718,JavaOne Condiment Set - 250ct,OCS Paper Supplies,"3,791",$34.5400,"$130,941.14",
AVR15719,Karat Hot Cups Generic 10oz - 1000ct,OCS Paper Supplies,"11,028",$61.4610,"$677,791.91",
AVR15720,Karat Rippled Hot Cups 10oz - 500ct,OCS Paper Supplies,"2,513",$52.3991,"$131,678.94",
AVR15721,Karat Hot Cup Dome Lids 10oz to 24oz - 1000ct,OCS Paper Supplies,"24,028",$38.4161,"$923,062.05",
AVR15722,Karat Cold Cup Lids 12oz to 22oz - 1000ct,OCS Paper Supplies,"2,006",$26.4444,"$53,047.47",
AVR15723,Karat Hot Cups Generic 12oz - 1000ct,OCS Paper Supplies,20,$60.8192,"$1,216.38",
AVR15728,Karat Hot Cups Generic 8oz - 1000ct,OCS Paper Supplies,"4,016",$47.1585,"$189,388.54",
AVR15729,Karat Bio Based Forks - 1000ct,OCS Paper Supplies,6,$37.1250,$222.75,
AVR15730,Karat Coca Cola Cold Paper Cups 22oz - 1000ct,OCS Paper Supplies,10,$68.6900,$686.90,
AVR15731,Karat Wrapped Black Forks - 1000ct,OCS Paper Supplies,"5,072",$21.0522,"$106,776.76",
AVR15732,Karat Wrapped Black Knives - 1000ct,OCS Paper Supplies,28,$22.5556,$631.56,
AVR15733,Karat Wrapped Black Spoons - 1000ct,OCS Paper Supplies,"6,065",$23.3765,"$141,778.47",
AVR15734,Karat Wrapped White Insulated Hot Cups 10oz - 500ct,OCS Paper Supplies,"6,020",$85.2000,"$512,904.00",
AVR15735,Kayo Forthy Topping Creamer - 6ct,OCS Supplies,289,$23.8700,"$6,898.43",
AVR15736,Lipton Hot Tea Bags - 100ct,Coffee Supplies,245,$4.6906,"$1,149.20",
AVR15738,Land O'Lakes Mini Moos Half and Half Creamer - 192ct,OCS Supplies,"1,152",$14.7060,"$16,941.31",
AVR15739,Nestle Cocoa Hot Rich Packets - 6ct,OCS Supplies,302,$63.3195,"$19,122.49",
AVR15741,Nestle French Vanilla Bulk Creamer 1.5Gal,OCS Supplies,60,$97.9300,"$5,875.80",
AVR15742,Nestle French Vanilla Creamer Pump 1.5lt,OCS Supplies,60,$13.9923,$839.54,
AVR15744,Nestle Hazelnut Creamer Pump 1.5lt,OCS Supplies,18,$15.0487,$270.88,
AVR15745,Solo White Forks - 500ct,OCS Paper Supplies,507,$15.5900,"$7,904.13",
AVR15746,Solo White Knives - 500ct,OCS Paper Supplies,6,$15.1896,$91.14,
AVR15747,Solo White Spoons - 500ct,OCS Paper Supplies,505,$14.9902,"$7,570.05",
AVR15748,Splenda - 2000ct,OCS Supplies,11,$37.2100,$409.31,
AVR15749,Starbucks Hot Cocoa Powder Mix - 6ct,OCS Supplies,39,$124.5780,"$4,858.54",
AVR15750,Sugar in the Raw - 400ct,OCS Supplies,6,$17.3094,$103.86,
AVR15751,Swiss Miss Hot Cocoa Mix - 50ct,OCS Supplies,261,$8.9848,"$2,345.03",
AVR15752,Tapatio Hot Sauce Packets - 500ct,OCS Supplies,15,$48.7700,$731.55,
AVR15758,Wrapped Jumbo 7.75in Straws - 3000ct,OCS Paper Supplies,3,$18.3900,$55.17,
AVR15768,Gardettos Original,Snack,28,$2.5957,$72.68,
AVR15772,ESL BB Tuna Salad Triangle on Wheat,Fresh Food,731,$2.4777,"$1,811.20",
AVR15831,BB Roast Beef & Pepperoncini on French Sub,Fresh Food,48,$2.9536,$141.77,
AVR15832,GF Asian Style Noodle Bowl,Fresh Food,46,$3.7824,$173.99,
AVR15835,BB Everything Bagel w/Cream Cheese,Fresh Food,7,$2.2300,$15.61,
AVR15836,ESL BB Original Submarine,Fresh Food,258,$3.7983,$979.96,
AVR15837,ESL BB Turkey and Cheddar Croissant,Fresh Food,5,$3.9600,$19.80,
AVR16058,Nature's Bakery Fig Bar Strawberry,Healthy Bars,"2,589",$0.8410,"$2,177.35",
AVR16059,Nature's Bakery Fig Bar Blueberry,Healthy Bars,"4,891",$0.8410,"$4,113.33",
AVR16060,Nature's Bakery Fig Bar Raspberry,Healthy Bars,"2,984",$0.6785,"$2,024.64",
AVR16080,Cleland Whole Bean - Custom Blend - 5lb,OCS Coffee,44,$60.1308,"$2,645.76",
AVR16081,Cleland Whole Bean - French Roast - 5lb,OCS Coffee,110,$60.2500,"$6,627.50",
AVR16082,Cleland Whole Bean - Colombian Supremo - 5lb,OCS Coffee,221,$60.2500,"$13,315.25",
AVR16098,International Delight French Vanilla Creamer - 192ct,OCS Supplies,"6,080",$11.2700,"$68,521.60",
AVR16100,International Delight Half & Half Coffee Creamer - 180 ct,OCS Supplies,"18,485",$9.9000,"$183,001.50",
AVR16101,International Delight Hazelnut Creamer - 192ct,OCS Supplies,"2,768",$11.2700,"$31,195.36",
AVR16112,International Delight Pumpkin Pie Spice Creamer - 192ct,OCS Supplies,29,$11.2700,$326.83,
AVR16128,Secret Outlast Deodorant,Sundry Items,"1,367",$3.1249,"$4,271.74",
AVR16195,Papa Sal's Reserve Rainbow Belts,Candy,806,$2.9583,"$2,384.39",
AVR16196,Papa Sal's Reserve Strawberry Belts,Candy,761,$2.9583,"$2,251.27",
AVR16197,Papa Sal's Reserve Raw Almonds,Nuts,15,$2.8500,$42.75,
AVR16525,GF Spicy Quinoa Wrap,Fresh Food,3,$3.7000,$11.10,
AVR16526,GF Ham & Muenster Right Sandwich,Fresh Food,3,$3.4600,$10.38,
AVR16549,BB Egg Cup Breakfast,Fresh Food,446,$2.4361,"$1,086.50",
AVR16550,GF Turkey Pesto & Swiss on Ciabatta,Fresh Food,616,$3.5633,"$2,194.99",
AVR16551,GF PB & J Granola Special Wedge,Fresh Food,12,$2.5500,$30.60,
AVR16569,BB Pesto Penne Pasta,Fresh Food,166,$2.9900,$496.34,
AVR16570,BB Turkey & Cheddar Pita Stack,Fresh Food,154,$3.0560,$470.62,
AVR16605,H2O GO! Mud Master Swim Ring,Souvenirs,8,$12.7500,$102.00,
AVR16606,H2O GO! Designer Beach Ball,Souvenirs,12,$6.1900,$74.28,
AVR16610,Bestway HydroPro,Souvenirs,7,$13.0900,$91.63,
AVR16638,Tournament of Roses- Tote Rose Icon,Souvenirs,24,$15.0000,$360.00,
AVR16640,Angeline Vineyards Cabernet Sauvignon,Bev Beer & Wine,140,$0.0001,$0.01,
AVR16641,Line 39 Chardonnay,Bev Beer & Wine,123,$0.0001,$0.01,
AVR16661,Beer Stella Artois Can 12oz,Bev Beer & Wine,26,$0.0001,$0.00,
AVR16733,So Love So Cal Mug Downtown LA,Souvenirs,22,$13.1900,$290.18,
AVR16734,So Love So Cal Mug Joshua Tree,Souvenirs,17,$13.1900,$224.23,
AVR16735,So Love So Cal Mug Santa Monica,Souvenirs,28,$13.1900,$369.32,
AVR16736,So Love So Cal Mug Hollywood,Souvenirs,9,$13.1900,$118.71,
AVR16737,So Love So Cal Mug,Souvenirs,9,$13.1900,$118.71,
AVR16872,Ayres Shampoo 400ml - 20ct,Amenity,131,$48.6100,"$6,367.91",
AVR16873,Ayres Shower Gel 400ml - 20ct,Amenity,448,$48.6100,"$21,777.28",
AVR16874,Ayres Conditioner 400ml - 20ct,Amenity,274,$46.5000,"$12,741.00",
AVR16875,Ayres Dispenser Bracket Single,Amenity,71,$4.3000,$305.30,
AVR16876,Ayres Dispenser Bracket Double,Amenity,79,$5.0500,$398.95,
AVR16877,Ayres Dispenser Magnetic Key,Amenity,284,$7.1300,"$2,024.92",
AVR16879,Woodbury Dispenser Shampoo 12.85oz - 40ct,Amenity,100,$99.2197,"$9,921.97",
AVR16880,Woodbury Dispenser Conditioner 12.85oz - 40ct,Amenity,92,$99.9000,"$9,190.80",
AVR16881,Woodbury Dispenser Body Wash 12.85oz 40ct,Amenity,255,$99.9000,"$25,474.50",
AVR16882,Woodbury Dispenser Body Lotion 12.85oz,Amenity,63,$98.6733,"$6,216.42",
AVR16883,Woodbury Dispenser Mounting Bracket - 50ct,Amenity,18,$110.0808,"$1,981.45",
AVR16884,Rockstar,Bev Energy Drinks,148,$1.8081,$267.60,
AVR16885,Nestle Creamer Powder Packets - 1000ct,OCS Coffee,42,$39.1000,"$1,642.20",
AVR17105,CA Rose Gold SS Sport Bottle w/ Wood,California Merchandise,8,$5.0000,$40.00,
AVR17108,CA Magnet Surfboard w/Bottle Opener,California Merchandise,12,$0.6714,$8.06,
AVR17147,Starry 20oz,Bev 20 Oz Bottle,"2,265",$1.0470,"$2,371.46",
AVR17162,Kirkland Signature 2ply Paper Towel  - 12 Rolls,OCS Paper Supplies,14,$23.2144,$325.00,
AVR17197,Bigelow Green Tea with Lemon - 168ct,OCS Coffee,232,$21.0300,"$4,878.96",
AVR17198,Nestle Coffee Mate Peppermint Mocha - 200ct,OCS Supplies,3,$19.0900,$57.27,
AVR17199,Lifestyles Ultra Sensitive Condoms,Sundry Items,67,$1.8900,$126.63,
AVR17200,Quaker Oats Old Fashioned Oatmeal - 10lb,Cereal,9,$10.1833,$91.65,
AVR17201,Flavia 4 Column Merchandiser,OCS Hotel Supplies,2,$106.5200,$213.04,
AVR17238,ESL BB Italian Triangle on Wheat,Fresh Food,533,$2.4506,"$1,306.17",
AVR17239,ESL BB Turkey Ham & Cheddar Combo,Fresh Food,601,$3.1690,"$1,904.57",
AVR17246,Red Bull Red Watermelon 8.4oz,Bev Energy Drinks,"3,675",$1.7829,"$6,552.16",
AVR17360,GF Grilled Chicken Caesar Wrap,Fresh Food,352,$3.5109,"$1,235.84",
AVR17361,ESL BB Chicken Salad on White,Fresh Food,382,$2.4475,$934.95,
AVR17367,Red Bull 8.4oz (4pk),Bev Energy Drinks,82,$0.0000,$0.00,
AVR17375,Proud Source Alkaline Spring Water 16Oz,Bev Water,"1,774",$1.3958,"$2,476.15",
AVR17376,Proud Source Alkaline Spring Water 750ml,Bev Water,"1,156",$2.4708,"$2,856.24",
AVR17385,Wine Carolina Reserva Cabernet Sauvignon 375mL,Bev Beer & Wine,18,$0.0001,$0.00,
AVR17394,Dentek Flossers,Sundry Items,618,$1.0455,$646.12,
AVR17639,GF Pineapple Fruit Cup,Fresh Food,120,$2.5000,$300.00,
AVR17690,Starry 12oz,Bev 12 Oz Can,352,$0.5736,$201.91,
AVR17700,Gatorlyte Zero Strawberry Kiwi 20 oz,Bev 20 Oz Bottle,"2,752",$2.7542,"$7,579.56",
AVR17701,Proud Source Spring Sparkling Water 16oz,Bev Water,225,$1.3541,$304.67,
AVR17703,Nestle Sweetened Original Creamer Pump - 1.5 lt,Coffee Supplies,14,$13.8619,$194.07,
AVR17704,Alta Wrapped Hot Cups 9oz - 900ct,OCS Paper Supplies,16,$68.9500,"$1,103.20",
AVR17705,Generic Individually Wrapped Translucent Plastic Cups -  9oz,OCS Paper Supplies,11,$34.9458,$384.40,
AVR17707,Trojan Ribbed Latex Condoms,Sundry Items,471,$1.6033,$755.15,
AVR17708,Haagen Dazs Vanilla Ice Cream - 14oz,Frozen Ice Cream,"1,797",$4.3900,"$7,888.83",
AVR17709,Haagen Dazs Chocolate Ice Cream 14oz,Frozen Ice Cream,"1,900",$5.0100,"$9,519.00",
AVR17711,Nestle Coffee Mate Oat Milk Creamer,Coffee Supplies,72,$7.9200,$570.24,
AVR17712,Hawaiian Tropic Dispenser Conditioner 380ml - 40ct,Amenity,20,$76.0000,"$1,520.00",
AVR17713,Hawaiian Tropic Dispenser Shampoo 380ml - 40ct,Amenity,21,$73.6000,"$1,545.60",
AVR17714,Hawaiian Tropic Dispenser Shower Gel 380ml - 40ct,Amenity,32,$73.6000,"$2,355.20",
AVR17716,Kings Inn Empty Bottle Shower Gel 14.5 fl oz,Amenity,175,$0.6500,$113.75,
AVR17717,Kings Inn Empty Bottle Hand Soap 14.5 fl oz,Amenity,175,$0.6500,$113.75,
AVR17718,Kings Inn Empty Bottle Moisturizer 14.5 fl oz,Amenity,175,$0.6500,$113.75,
AVR17719,Kings Inn Empty Bottle Shampooing Conditioner 14.5 fl oz,Amenity,175,$0.6500,$113.75,
AVR17720,Kings Inn Boxy Bottle Stainless Steel Pump 14.5 fl oz,Amenity,600,$1.8500,"$1,110.00",
AVR17721,Kings Inn Boxy Bottle Double Bracket - 20ct,Amenity,320,$17.6000,"$5,632.00",
AVR17722,Terra Green Bath Soap 42g - 250ct,Amenity,28,$62.6940,"$1,755.43",
AVR17723,Terra Green Facial Soap 21g - 500ct,Amenity,1,$63.0450,$63.05,
AVR17724,Terra Green White Bracket Kit - 50ct,Amenity,5,$110.0000,$550.00,
AVR17756,La Croix Sparkling Limoncello,Bev 12 Oz Can,-8,$0.4685,-$3.75,
AVR17783,Biltmore Conditioning Shampoo Filled Bottle 380ml - 40ct,Amenity,5,$76.0213,$380.11,
AVR17784,Biltmore Body Wash Filled Bottle 380ml - 40ct,Amenity,46,$82.4636,"$3,793.33",
AVR17822,Red Bull Watermelon 12oz,Bev Energy Drinks,8,$1.8250,$14.60,
AVR17957,Biltmore Body Lotion in Tube 30ml - 288ct,Amenity,58,$61.7494,"$3,581.47",
AVR17958,Biltmore Facial & Body Soap 20g - 500t,Amenity,39,$55.2400,"$2,154.36",
AVR17959,White Tea Body Wash in Jug 1 Gal - 4ct,Amenity,107,$48.1195,"$5,148.79",
AVR17960,White Tea Conditioning Shampoo in Jug 1 Gal-4ct,Amenity,93,$49.8000,"$4,631.40",
AVR17961,Karat Hot Cups Jackets 10oz to 24oz - 1000ct,OCS Paper Supplies,4,$33.0047,$132.02,
AVR18218,Steaz Green Peach Iced Tea 16oz,Bev Coffee & Tea,116,$1.7492,$202.91,
AVR18219,Steaz Yerba Mate Peach Brew 16oz,Bev Coffee & Tea,102,$1.9200,$195.84,
AVR18319,Lavazza Cold Brew Coffee Flavia - 80ct,OCS Coffee,2,$56.1800,$112.36,
AVR18397,ESL BB Ham & Cheddar on Wheat Triangle,Fresh Food,457,$2.4744,"$1,130.80",
AVR18398,GF Vegetarian Breakfast Burrito,Fresh Food,65,$2.5200,$163.80,
AVR18525,Core Power High Protein Shake Vanilla 14oz,Bev Other,567,$2.9667,"$1,682.12",
AVR18526,Fairlife Chocolate Milk 14oz,Bev Other,728,$1.6100,"$1,172.08",
AVR18527,Fairlife Strawberry Milk 14oz,Bev Other,416,$1.6100,$669.76,
AVR18528,Fairlife 2% Reduced Fat Ultra-Filtered Milk 14oz,Bev Other,"1,441",$1.6099,"$2,319.87",
AVR18548,ESL BB Ham & Cheddar Sub,Fresh Food,216,$3.8366,$828.71,
AVR18549,ESL BB Turkey & Bacon on French Sub,Fresh Food,380,$3.8083,"$1,447.15",
AVR18728,Snapple Zero Sugar Peach Tea 16oz,Bev Other,80,$1.3042,$104.34,
AVR18758,Core Power High Protein Shake Chocolate 14oz,Bev Other,677,$2.9666,"$2,008.39",
AVR18796,White Tea Shampoo in Jug 1 Gal -4ct,Amenity,10,$42.2000,$422.00,
AVR18805,Tampax Regular,Sundry Items,476,$2.5890,"$1,232.36",
AVR18857,Dramamine Motion Sickness Chewable,Sundry Items,551,$1.4966,$824.63,
AVR19074,Universal RG Aluminum Water Bottle Minion Kev,Souvenirs Universal,18,$20.0900,$361.62,
AVR19075,Disney Mist Fan RG Classic Mickey Blue,Souvenirs Disney,13,$5.2000,$67.60,
AVR19077,Universal Shirt Youth Cool Minion Medium,Souvenirs Universal,7,$6.5000,$45.50,
AVR19078,Universal Shirt Youth Cool Minion Large,Souvenirs Universal,9,$6.5000,$58.50,
AVR19079,Universal RG Shirt Toddler Sweet Minion 2T,Souvenirs Universal,5,$5.7000,$28.50,
AVR19080,Universal Shirt Toddler Sweet Minion 3T,Souvenirs Universal,6,$5.7000,$34.20,
AVR19081,Universal Shirt Woman HP Solemnly Large,Souvenirs Universal,5,$7.9500,$39.75,
AVR19082,Universal Shirt Woman HP Solemnly Medium,Souvenirs Universal,7,$7.9500,$55.65,
AVR19083,Universal RG Hat Adult Harry Potter,Souvenirs Universal,12,$6.9500,$83.40,
AVR19084,Universal RG Shirt Adult Sligh Minion Large,Souvenirs Universal,8,$7.8000,$62.40,
AVR19085,Universal RG Shirt Adult Sligh Minion Extra Large,Souvenirs Universal,6,$7.8000,$46.80,
AVR19086,Universal RG Hat Adult Gryffindor Crest HP,Souvenirs Universal,12,$6.9500,$83.40,
AVR19168,Terra Green Body Wash Bottle 380ml - 40ct,Amenity,6,$134.0000,$804.00,
AVR19169,Desert Palms Dispenser Body Wash Bottle 380ml - 40ct,Amenity,110,$99.9000,"$10,989.00",
AVR19170,CA Bearflag Brown Plush Bear,California Merchandise,11,$5.2000,$57.20,
AVR19171,CA Bearflag Silver Aluminum Waterbottle,California Merchandise,12,$5.5000,$66.00,
AVR19172,CA California Cartoon Photo Magnet,California Merchandise,24,$1.2500,$30.00,
AVR19173,CA Rose Gold Black Mug 16oz,California Merchandise,12,$4.2477,$50.97,
AVR19174,CA Bear Marble Swirl Mug 16oz,California Merchandise,20,$0.0000,$0.00,
AVR19175,CA Bearflag White Surfboard Opener,California Merchandise,25,$2.4500,$61.25,
AVR19176,CA Bearflag Bigfoot Plush Toy,California Merchandise,12,$6.7000,$80.40,
AVR19228,Stevia in the Raw - 400ct,OCS Supplies,5,$29.3891,$146.95,
AVR19234,Biltmore Conditioning Shampoo Empty Bottle 380ml - 40ct,Amenity,10,$48.1000,$481.00,
AVR19235,Biltmore Body Wash Empty Bottle 380ml - 40ct,Amenity,10,$48.1000,$481.00,
AVR19272,Karat Rippled Hot Cups 12oz - 500ct,OCS Paper Supplies,3,$62.4500,$187.35,
AVR19286,Pert 2 in 1 Shampoo & Conditioner,Sundry Items,124,$2.3299,$288.91,
AVR19322,Terra Green Body Lotion Bottle 380ml - 40ct,Amenity,23,$82.8692,"$1,905.99",
AVR19327,Kellogs Pop Tarts Strawberry 120ct (OCS),Snack,198,$0.4757,$94.19,
AVR19379,Desert Palms Dispenser Shampoo Bottle 380ml - 40ct,Amenity,33,$96.6169,"$3,188.36",
AVR19380,Desert Palms Dispenser Conditioner Bottle 380ml - 40ct,Amenity,18,$98.8051,"$1,778.49",
AVR19381,Desert Palms Dispenser Body Lotion Moisturizer Bottle 380ml - 40ct,Amenity,24,$90.0444,"$2,161.07",
AVR19406,Sheila G's Brittle Salted Caramel Brownie 2.75oz,Snack,135,$1.8350,$247.73,
AVR19407,Sanders Mini Dark Chocolate Sea Salt Caramels 3.75oz,Candy,121,$4.0066,$484.80,
AVR19408,Pepperidge Farms Milano Cookies 1.5oz,Cookies & Crackers,223,$0.7815,$174.27,
AVR19409,Boom Chicka Popcorn Sweet & Salty 1oz,Snack,115,$0.9400,$108.10,
AVR19410,Bobo's Bar Peanut Butter 3oz,Healthy Bars,9,$2.0988,$18.89,
AVR19411,Solely Fruit Jerky Mango with Chili & Salt 0.8oz,Snack,51,$1.2485,$63.67,
AVR19412,Solely Fruit Jerky Pineapple Organic 0.8oz,Snack,41,$0.7483,$30.68,
AVR19413,Wonderful Pistachios 100Cal Sweet Chili 1.25oz,Nuts,138,$1.0539,$145.44,
AVR19414,Wonderful Pistachios No Shell 2.5oz,Nuts,169,$2.8313,$478.49,
AVR19417,180 Snack Skinny Rice Bar Cranberry 0.56oz,Healthy Bars,3,$0.5677,$1.70,
AVR19418,180 Snack Skinny Rice Bar Blueberry 0.56oz,Healthy Bars,6,$0.5844,$2.34,
AVR19420,Vita Coco Pure Coconut Water 500ml,Bev Other,221,$2.3192,$512.54,
AVR19421,Celsius Sparkling Wild Berry 12oz,Bev Other,639,$2.1400,"$1,367.46",
AVR19464,Sheila G's Brittle Chocolate Chip Brownie 2.75oz,Snack,74,$1.8161,$134.39,
AVR19465,Kettle Sea Salt Chips 2.0oz,Chips,122,$1.1442,$139.59,
AVR19466,Kettle Jalapeno Chips 2.0oz,Chips,145,$1.1442,$165.91,
AVR19467,Kettle Krinkle Cut Salt & Pepper Chips 2.0oz,Chips,109,$1.1442,$124.72,
AVR19510,SunChips Garden Salsa 2.375oz,Chips,185,$1.3335,$246.70,
AVR19511,SunChips Harvest Cheddar 2.375oz,Chips,250,$1.3346,$333.65,
AVR19512,Second Nature Mediterranean Herb 4oz,Snack,2,$3.0850,$6.17,
AVR19513,Second Nature Citrus Habanero 4oz,Snack,5,$3.0850,$15.43,
AVR19514,Anker USB-C to Lightning 10ft Cable,Electronics,-16,$9.6095,-$153.75,
AVR19515,Anker USB-C to USB-C 10ft Cable,Electronics,19,$5.3100,$100.89,
AVR19516,Anker Power Core 10k MAH Power Bank,Electronics,2,$15.9326,$31.87,
AVR19517,Anker Power Port 32W Wall Charger,Electronics,122,$9.0200,"$1,100.44",
AVR19524,Dasani Aluminum Bottle 16oz,Bev Water,72,$1.2113,$87.21,
AVR19525,Smart Water Aluminum Bottle 18oz,Bev Water,579,$2.0301,"$1,175.43",
AVR19716,Anker USB-C to Lightning 6ft Cable,Electronics,121,$7.7200,$934.12,
AVR19874,Disney Shirt Adult RG Don't Mic Extra Large,Souvenirs Disney,3,$10.4176,$31.25,
AVR19875,Disney Shirt Adult RG Don't Mic Large,Souvenirs Disney,3,$7.8000,$23.40,
AVR19876,Disney Shirt Adult RG Don't Mic Medium,Souvenirs Disney,3,$7.8000,$23.40,
AVR19878,Disney Shirt Adult RG Fab Four Large,Souvenirs Disney,1,$7.8000,$7.80,
AVR19880,Disney Shirt Woman RG Happy Stitch Medium,Souvenirs Disney,1,$8.7000,$8.70,
AVR19881,Disney Shirt Woman RG Happy Stitch Small,Souvenirs Disney,9,$8.7000,$78.30,
AVR19883,Disney Shirt Youth RG Vacation Pals Small,Souvenirs Disney,4,$6.5000,$26.00,
AVR19900,Tampax Pocket Radiant Tampon (3pk),Sundry Items,22,$1.0894,$23.97,
AVR19999,Pepsi Zero Sugar 20oz,Bev 20 Oz Bottle,325,$1.0479,$340.57,
AVR20000,Dole Lemonade 20oz,Bev 20 Oz Bottle,175,$1.0746,$188.06,
AVR20017,Terra Green Conditioning Shampoo Bottle 380ml - 40ct,Amenity,2,$80.0000,$160.00,
AVR20024,Burt's Bees Cucumber & Mint Facial Towelettes,Sundry Items,181,$1.8500,$334.85,
AVR20051,Penn Championship Tennis Balls,Souvenirs,18,$0.5333,$9.60,
AVR20068,GF Premium Ham & Cheddar Baguette,Fresh Food,2,$3.2250,$6.45,
AVR20113,Boom Chicka Popcorn Sea Salt 4.8oz,Snack,54,$2.3445,$126.60,
AVR20286,GF Black Forest Ham & Havarti Tasty Wedge,Fresh Food,3,$3.4400,$10.32,
AVR20335,Lays Limon 1.5oz,Chips,247,$0.7125,$175.99,
AVR20336,Boulder Avocado Oil Kettle Chips,Chips,238,$0.7541,$179.48,
AVR20365,Disney Aluminum Water Bottle RG Pop Mick Heads Silver,Souvenirs Disney,11,$5.5000,$60.50,
AVR20367,Disney Aluminum Water Bottle RG Rubiks White,Souvenirs Disney,21,$5.5000,$115.50,
AVR20368,Disney Aluminum Water Bottle RG Sunset Mickey and Minnie,Souvenirs Disney,17,$5.5000,$93.50,
AVR20369,Disney Hat Adult RG Stitch Collegiate,Souvenirs Disney,12,$6.7500,$81.00,
AVR20373,Disney Hat Adult RG Baywatch Mickey Beach Sunrise,Souvenirs Disney,39,$6.7500,$263.25,
AVR20374,Disney Hat Adult RG Mickey Logo Grey Shimmer,Souvenirs Disney,35,$8.0000,$280.00,
AVR20377,"Disney Plush Extra Large 25"" RG Red Minnie",Souvenirs Disney,13,$19.2800,$250.64,
AVR20378,"Disney Plush Extra Large 25"" RG Mickey",Souvenirs Disney,20,$19.2800,$385.60,
AVR20380,"Disney Plush Large 19"" RG Red Minnie",Souvenirs Disney,1,$10.7500,$10.75,
AVR20381,"Disney Plush Medium 15"" RG Donald",Souvenirs Disney,37,$9.0000,$333.00,
AVR20382,"Disney Plush Medium 15"" RG Mickey",Souvenirs Disney,45,$9.0000,$405.00,
AVR20383,"Disney Plush Medium 15"" RG Red Minnie",Souvenirs Disney,24,$9.0000,$216.00,
AVR20384,"Disney Plush Medium 15"" RG Stitch",Souvenirs Disney,35,$9.0000,$315.00,
AVR20385,"Disney Plush Small 11"" RG Red Minnie",Souvenirs Disney,38,$6.0000,$228.00,
AVR20386,"Disney Plush Small 11"" RG Mickey",Souvenirs Disney,42,$6.0000,$252.00,
AVR20388,"Disney Plush Small 11"" RG Stitch",Souvenirs Disney,34,$6.0000,$204.00,
AVR20393,Disney Key Chain RG Get Stitch,Souvenirs Disney,38,$2.0000,$76.00,
AVR20396,Disney Key Chain RG Minnie Face Palm,Souvenirs Disney,53,$2.0000,$106.00,
AVR20398,Disney Key Chain RG Mickey Face Palm,Souvenirs Disney,54,$2.0000,$108.00,
AVR20399,Disney Key Chain RG Disney Gang,Souvenirs Disney,24,$2.0000,$48.00,
AVR20400,Disney Key Chain RG Disney Logo w/ Character Colors,Souvenirs Disney,71,$2.0000,$142.00,
AVR20401,Disney Mug RG Minnie Pink,Souvenirs Disney,64,$5.0000,$320.00,
AVR20402,Disney Mug RG Stitch Blue,Souvenirs Disney,8,$5.0000,$40.00,
AVR20403,Disney Mug RG Mickey Red,Souvenirs Disney,8,$5.0000,$40.00,
AVR20406,Disney Passport Bag RG Minnie Glam,Souvenirs Disney,68,$5.5000,$374.00,
AVR20407,Disney Passport Bag RG Travelin Mouse,Souvenirs Disney,62,$5.5000,$341.00,
AVR20409,Disney Fannypack RG Mickey Pack Black,Souvenirs Disney,27,$6.5000,$175.50,
AVR20411,Disney Poncho RG Classic Minnie,Souvenirs Disney,44,$4.0000,$176.00,
AVR20415,CA Thermal Tumbler Beach Surfboard,Souvenirs California,1,$5.0000,$5.00,
AVR20418,California Hat Adult Bear Flag,Souvenirs California,3,$4.0000,$12.00,
AVR20424,CA Shot Glass Dreamin' Rainbow Bottom,Souvenirs California,2,$2.0000,$4.00,
AVR20425,CA Shot Glass Blue Bottom,Souvenirs California,2,$2.0000,$4.00,
AVR20427,CA Magnet Woody Beach Cruiser,Souvenirs California,37,$2.0000,$74.00,
AVR20429,CA Magnet Colorful California Spellout,Souvenirs California,12,$2.0000,$24.00,
AVR20430,CA Magnet Rocky Coast,Souvenirs California,40,$1.5000,$60.00,
AVR20432,Tonys Chocolonely Milk Chocolate Bar 6.35oz,Candy,26,$6.7207,$174.74,
AVR20436,Disney Shirt Adult RG Embossed Stitch Medium,Souvenirs Disney,4,$7.8000,$31.20,
AVR20437,Disney Shirt Adult RG Embossed Stitch Large,Souvenirs Disney,4,$7.8000,$31.20,
AVR20445,Bunn Coffee Filter 3gal 252ct,Coffee Supplies,1,$25.5200,$25.52,
AVR20448,CA Mug Bear Flag Brown Light Glaze,Souvenirs California,48,$3.0000,$144.00,
AVR20450,CA Key Chain Beach Surfing Rectangle,Souvenirs California,1,$2.0000,$2.00,
AVR20456,Welch Mixed Fruit Snack 1.55oz,Candy,684,$0.4663,$318.95,
AVR20457,Bunn Filter Roll,OCS Paper Supplies,29,$33.7600,$979.04,
AVR20474,Lays Chile Lemon 2.25oz,Chips,71,$1.3346,$94.76,
AVR20530,Aquafina Aluminum Bottle 16oz,Bev Water,"2,893",$1.2713,"$3,677.87",
AVR20606,Nissin Teriyaki Chicken Cup Noodles 3oz,Hot Food,2,$1.3833,$2.77,
AVR20607,Nissin Fire Wok Pork Noodles 4.3oz,Hot Food,20,$1.8617,$37.23,
AVR20637,GF Fresh Cut Veggies & Hummus,Fresh Food,6,$3.8300,$22.98,
AVR20679,Hamilton Beach Brew Baskets,Sundry Items,15,$1.0000,$15.00,
AVR20729,Spiceology Greek Mediterranean Blend,Condiments,0,$4.1200,$0.00,
AVR20743,Sure Immersion Cleaning Tablets,Coffee Supplies,3,$22.4900,$67.47,
AVR20752,Dreyer's Oreo Bar 2.75oz,Frozen Ice Cream,13,$1.6200,$21.06,
AVR20761,Beers Coors Light 16oz Can,Bev Beer & Wine,-26,$0.0001,$0.00,
AVR20839,Portlandia Oregon Pinot Noir 2021 - 750ml,Bev Beer & Wine,2,$0.0001,$0.00,
AVR20901,GF Veggie Goddess Cup,Fresh Food,37,$2.3701,$87.69,
AVR20952,Perfect Taste Creamer Canister,Coffee Supplies,157,$1.8581,$291.72,
AVR20953,Perfect Taste Sugar Canister,Coffee Supplies,448,$2.1970,$984.26,
AVR21326,Los Angeles Lakers Key Ring Spinner,Sports Souvenirs,24,$5.7500,$138.00,
AVR21327,Los Angeles Dodgers Bottle Opener Black Key Ring,Sports Souvenirs,12,$3.7500,$45.00,
AVR21328,"Los Angeles Dodgers Lanyard Key Strap 1""",Sports Souvenirs,24,$3.5000,$84.00,
AVR21329,"Los Angeles Dodgers Lanyard w/Detachable Buckle 1""",Sports Souvenirs,24,$4.7500,$114.00,
AVR21330,Los Angeles Key Ring Premium Acrylic,Sports Souvenirs,24,$4.5000,$108.00,
AVR21331,Los Angeles Lakers Bottle Opener 2 Sided Metal,Sports Souvenirs,24,$4.7500,$114.00,
AVR21332,Los Angeles Dodgers Multi Use 6 Fan Pack,Sports Souvenirs,12,$4.2500,$51.00,
AVR21333,Los Angeles Dodgers Pin Enamel Collector Jewelry Card,Sports Souvenirs,12,$4.2500,$51.00,
AVR21334,Los Angeles Lakers Key Chain Freeform,Sports Souvenirs,24,$4.5000,$108.00,
AVR21335,"Los Angeles Lakers Lanyard Black W/Detachable Buckle 1""",Sports Souvenirs,24,$4.7500,$114.00,
AVR21336,"Los Angeles Lakers Lanyard w/Detachable Buckle 1""",Sports Souvenirs,24,$4.7500,$114.00,
AVR21337,Los Angeles Dodgers Tote Bag Clear,Sports Souvenirs,24,$8.0000,$192.00,
AVR21338,Los Angeles Dodgers Sport Bottle 28oz,Sports Souvenirs,12,$6.2500,$75.00,
AVR21339,Los Angeles Dodgers Lanyard Shohei Ohtani,Sports Souvenirs,24,$9.9900,$239.76,
AVR21340,"Los Angeles Dodgers Bat Wood 18""",Sports Souvenirs,20,$9.9900,$199.80,
AVR21341,Los Angeles Dodgers Pennant Shohei Ohtani,Sports Souvenirs,14,$12.9900,$181.86,
AVR21342,Los Angeles Dodgers Shot Glass 2oz,Sports Souvenirs,16,$8.9900,$143.84,
AVR21354,"Disney Plush Medium 15"" Goofy",Souvenirs Disney,19,$9.0000,$171.00,
AVR21355,"Disney Plush Small 11"" Donald",Souvenirs Disney,8,$6.0000,$48.00,
AVR21356,Brookside Dark Chocolate Acai & Blueberry 7oz,Candy,62,$4.3533,$269.90,
AVR21365,Pepsi 16oz Can,Bev Other,187,$1.3833,$258.68,
AVR21366,Mountain Dew 16oz Can,Bev Other,107,$1.3833,$148.01,
AVR21367,Starry 16oz Can,Bev Other,109,$1.3829,$150.74,
AVR21368,Crush Orange 16oz Can,Bev Other,133,$1.3833,$183.98,
AVR21371,Path Water WLB 20.3oz,Bev Water,357,$1.0500,$374.85,
AVR21433,Los Angeles Lakers Perfect Cut Color Decal,Sports Souvenirs,24,$3.2500,$78.00,
AVR21434,Los Angeles Lakers Pin Enamel Collector Jewelry Card,Sports Souvenirs,24,$4.2500,$102.00,
AVR21441,"Tonys Pepperoni Pizza 5""",Frozen Food,60,$1.2867,$77.20,
AVR22118,Rxbar Protein Honey Cinnamon Peanut Butter,Healthy Bars,356,$1.8007,$641.05,
AVR22119,Juice Pack Peach Nourish Water,OCS Juice,29,$19.5502,$566.96,
AVR22120,Juice Pack Cucumber Watermelon Nourish Water,OCS Juice,37,$19.5617,$723.78,
AVR22121,Juice Pack Blueberry Acai Nourish Water,OCS Juice,31,$19.5746,$606.81,
AVR22381,Adero Shower Gel 400ml - 20ct,Amenity,19,$44.6000,$847.40,
AVR22597,Jimmy Dean Sausage Twin Biscuit,Frozen Food,88,$1.0455,$92.00,
AVR22599,Milk Shamrock Whole White 12oz,Bev Other,114,$1.2492,$142.41,
AVR22622,Takis Fuego Hot Nuts 3.2oz,Nuts,297,$1.5093,$448.26,
AVR22623,Popcornopolis Zebra Popcorn 3oz,Snack,42,$1.4158,$59.46,
AVR22950,Pepsi Zero Sugar 12oz,Bev 12 Oz Can,118,$0.5745,$67.79,
AVR22951,Pepsi Wild Cherry 12oz,Bev 12 Oz Can,140,$0.5753,$80.54,
AVR22952,Mountain Diet Dew 12oz,Bev 12 Oz Can,98,$0.5754,$56.39,
AVR22953,Mountain Dew Zero Sugar 12oz,Bev 12 Oz Can,122,$0.5754,$70.20,
AVR22954,Manzanita Sol Apple 12oz,Bev 12 Oz Can,135,$0.5754,$77.68,
AVR22955,Starbucks Cold Brew Salted Caramel 11oz Can,Bev Coffee & Tea,102,$2.6340,$268.67,
AVR22957,Starbucks Cold Brew Chocolate 11oz Can,Bev Coffee & Tea,-1,$2.6350,-$2.64,
AVR22975,Dole Fruit Pineapple Whip Frozen Treat 3.6oz,Frozen Food,48,$1.4721,$70.66,
AVR22976,Dole Fruit Mango Whip Frozen Treat 3.6oz,Frozen Food,48,$1.4721,$70.66,
AVR23036,White Tea Body Lotion in Jug 1 Gal - 4ct,Amenity,82,$46.6506,"$3,825.35",
AVR23097,Twix Ice Cream Bar 3oz,Frozen Ice Cream,498,$1.5101,$752.03,
AVR23180,Jose Ole Chicken & Cheese Chimichanga 5oz,Frozen Food,80,$1.3688,$109.50,
AVR23181,Jose Ole Beef & Cheese Chimichanga 5oz,Frozen Food,25,$1.3688,$34.22,
AVR23182,Cheez It Cheddar White,Snack,180,$0.2715,$48.87,
AVR23408,GF Those Mini Bagels You Need,Fresh Food,9,$3.2800,$29.52,
AVR23421,Universal Poncho Two Eyed,Souvenirs Universal,12,$4.2500,$51.00,
AVR23423,Disney Crewneck Fleece Mic Kick Across Small,Souvenirs Disney,9,$11.0000,$99.00,
AVR23424,Disney Crewneck Fleece Mic Kick Across Medium,Souvenirs Disney,6,$11.0000,$66.00,
AVR23425,Disney Crewneck Fleece Mic Kick Across Large,Souvenirs Disney,3,$11.0000,$33.00,
AVR23426,Disney Crewneck Fleece Mic Kick Across Extra Large,Souvenirs Disney,6,$11.0000,$66.00,
AVR23427,Universal Poncho Youth Two Eyed,Souvenirs Universal,12,$4.0000,$48.00,
AVR23428,Universal Hat Youth Minion Bob,Souvenirs Universal,12,$6.5000,$78.00,
AVR23429,Universal Fanny Pack HP Crest BB,Souvenirs Universal,12,$6.5000,$78.00,
AVR23430,Universal Drawstring Tote HP HW Crest,Souvenirs Universal,12,$4.0000,$48.00,
AVR23431,Universal Drawstring Tote Scattered Minions,Souvenirs Universal,12,$4.0000,$48.00,
AVR23432,Disney Key Chain Travel Crew,Souvenirs Disney,143,$2.0000,$286.00,
AVR23439,Lavazza Classic Latte,OCS Coffee,864,$0.5694,$491.96,
AVR23440,Lavazza Vanilla Latte,OCS Coffee,648,$0.5694,$368.97,
AVR23441,Lavazza Mocha Latte,OCS Coffee,504,$0.5694,$286.98,
AVR23446,Kellogs Pop Tarts Strawberry 13.5oz,Snack,7,$3.3300,$23.31,
AVR23581,Bubbly Lime 16oz Cans,Bev Other,57,$1.1125,$63.41,
AVR23582,Gatorade Fruit Punch 11.6oz Cans,Bev Other,21,$0.9538,$20.03,
AVR23583,Gatorade Orange 11.6oz Cans,Bev Other,184,$0.9538,$175.50,
AVR23584,Gatorade Lemon Lime 11.6oz Cans,Bev Other,224,$0.9538,$213.65,
AVR23585,Crush Grape 16oz Can,Bev Other,51,$1.3833,$70.55,
AVR23586,Starbucks Vanilla Sweet Cream Nitro CB 9.6oz Cans,Bev Coffee & Tea,104,$2.9697,$308.85,
AVR23587,Starbucks Mocha Double Shot 15oz Cans,Bev Coffee & Tea,82,$3.1045,$254.57,
AVR23588,Pepsi Diet 12oz Sleek Cans,Bev 12 Oz Can,88,$1.4367,$126.43,
AVR23589,Lavazza Expert Espresso Classico 1.3oz,OCS Coffee,2,$166.4500,$332.90,
AVR23590,"Berkley Black Wrapped Coffee Stirrers 5.5"" 1000ct",OCS Paper Supplies,120,$2.0970,$251.64,
AVR23602,Pocky Strawberry Sticks 2.47oz,Candy,168,$1.7401,$292.34,
AVR23688,Disney Head Straw Tumbler Mickey,Souvenirs Disney,50,$4.2500,$212.50,
AVR23689,Disney Head Straw Tumbler Minnie,Souvenirs Disney,44,$4.2500,$187.00,
AVR23946,Disney Resort Jersey Main Mouse Medium,Souvenirs Disney,9,$16.5000,$148.50,
AVR23947,Disney Resort Jersey Main Mouse Large,Souvenirs Disney,9,$16.5000,$148.50,
AVR23948,Disney Resort Jersey Main Mouse Extra Large,Souvenirs Disney,9,$16.5000,$148.50,
AVR23952,Disney Resort Jersey Main Mouse Small,Souvenirs Disney,9,$16.5000,$148.50,
AVR23955,Seatlle Best Portside Ground Regular Coffee - 6ct,OCS Coffee,20,$47.1400,$942.80,
AVR23959,Knotts Strawberry Cookie 2oz,Cookies & Crackers,480,$0.4947,$237.46,
AVR23971,Wine Allegretto Cello Sauvignon Blanc 2023,Bev Beer & Wine,-6,$0.0000,$0.00,
AVR23972,Wine Allegretto Heart of the Vibe 2023,Bev Beer & Wine,-12,$0.0000,$0.00,
AVR23977,Wine Allegretto Cabernet Sauvignon 2019,Bev Beer & Wine,-8,$0.0000,$0.00,
AVR24191,Spork Wrapped Medium White 1000ct,OCS Paper Supplies,1,$15.5100,$15.51,
AVR24410,Biltmore Shower Cap - 500ct,Amenity,19,$73.2200,"$1,391.18",
AVR24411,Biltmore Vanity Kit - 500ct,Amenity,19,$84.5300,"$1,606.07",
AVR24412,Biltmore Dental Kit - 100ct,Amenity,84,$71.6400,"$6,017.76",
AVR24413,Biltmore Shaving Kit - 100ct,Amenity,99,$45.1200,"$4,466.88",
AVR24421,SnakClub Tajin Apple Rings,Candy,23,$2.3600,$54.28,
AVR24422,SnakClub Peach Rings,Candy,18,$2.3600,$42.48,
AVR24423,SnakClub Tajin Watermelon Rings,Candy,18,$2.3600,$42.48,
AVR24424,SnakClub Tajin Peanuts,Nuts,23,$2.3600,$54.28,
AVR24425,SnakClub Everything Bagel Cashews,Nuts,30,$2.3600,$70.80,
AVR24426,SnakClub Salted Peanuts,Nuts,14,$2.3600,$33.04,
AVR24427,SnakClub Coconutty Cashews,Nuts,12,$2.3600,$28.32,
AVR24428,SnakClub Unsalted Cashews,Nuts,27,$2.3600,$63.72,
AVR24429,SnakClub Protein Power Mix,Nuts,17,$2.3600,$40.12,
AVR24432,SnakClub Tajin Peach Rings,Candy,13,$2.3600,$30.68,
AVR24433,SnakClub Tajin Mango Rings,Candy,17,$2.3600,$40.12,
AVR24434,SnakClub Salted Cashews,Nuts,13,$2.3600,$30.68,
AVR24435,SnakClub Honey Cashews,Nuts,40,$2.3600,$94.40,
AVR24436,SnakClub Salted Mixed Nuts,Nuts,30,$2.3600,$70.80,
AVR24437,SnakClub Mega Trail Mix,Nuts,28,$2.3600,$66.08,
AVR24438,SnakClub Salted Pistachios,Nuts,20,$2.3600,$47.20,
AVR24439,SnakClub Crunchy Peanuts,Nuts,19,$2.3600,$44.84,
AVR24440,Nutella & Go with Breadsticks 1.8oz,Snack,35,$1.6167,$56.58,
AVR24468,Big AZ Cheeseburger Bacon Adct Flmwrp 9.18oz,Frozen Food,10,$2.6610,$26.61,
AVR24544,Dunkin Donuts Caramel 13.7oz,Bev Coffee & Tea,24,$2.1175,$50.82,
AVR24556,Beer Stella Artois Aluminum Can 16oz,Bev Beer & Wine,-72,$0.0000,$0.00,
AVR24779,Trolli Sour Brite Very Berry 5oz,Candy,106,$1.3867,$146.99,
AVR24780,Gushers Fruit Tropical 4.25oz,Candy,70,$1.7108,$119.76,
AVR24781,Magic Spoon Marshmallow Treat 1.4oz,Snack,66,$2.0386,$134.55,
AVR24782,Always Pad with Wings Ultra Thin 22ct,Sundry Items,15,$4.5085,$67.63,
AVR24804,Juice Pack Orange Blend 50%,OCS Juice,73,$52.0000,"$3,796.00",
AVR25510,Sucker Punch Classic Dill Pickle Chip 3.4oz,Snack,77,$1.3480,$103.80,
AVR25512,Peace Tea Georgia Peach 16oz,Bev Coffee & Tea,512,$0.6890,$352.77,
AVR25513,Peace Tea Razzleberry 16oz,Bev Coffee & Tea,448,$0.6927,$310.33,
AVR25514,Peace Tea & Lemonade 16oz,Bev Coffee & Tea,541,$0.6860,$371.13,
AVR25675,Jarritos Gummies 8oz,Candy,64,$1.9167,$122.67,
AVR25676,Nerds Gummy Clusters Rainbow 5oz,Candy,194,$1.7758,$344.51,
AVR25677,Combos Cream Filled Cheddar Cheese 6.3oz,Snack,55,$2.1067,$115.87,
AVR25678,Hershey Cookies & Cream Snack Mix 4oz,Snack,93,$2.5811,$240.04,
AVR25806,GF Rancho Sub,Fresh Food,80,$3.7591,$300.73,
AVR25829,Beer Kona Big Wave Liquid Aloha 16oz Can,Bev Beer & Wine,-72,$0.0100,-$0.72,
AVR25831,La Croix Sparkling Lime,Bev 12 Oz Can,131,$0.4696,$61.52,
AVR25913,Miss Vickies Sea Salt & Vinegar XVL 1.875oz,Chips,157,$1.3346,$209.53,
AVR25914,Miss Vickies Sea Salt XVL 1.875oz,Chips,149,$1.3346,$198.86,
AVR25915,Lip Balm Beeswax Blister 0.15oz,Sundry Items,28,$2.2702,$63.57,
AVR25916,Nutter Butter Cookie Bites 3oz,Cookies & Crackers,78,$0.8369,$65.28,
AVR26014,Crystal Geyser 16.9oz,Bev Water,"5,595",$0.2675,"$1,496.66",
AVR26018,Spiceology Buffalo Lemon Pepper Blend,Condiments,0,$4.1200,$0.00,
AVR26058,Bodyarmor Strawberry Banana 20oz,Bev Other,120,$5.4000,$648.00,
AVR26146,JavaOne Colombian Decaf Pod - 200ct,OCS Coffee,44,$50.1400,"$2,206.16",
AVR26179,Starbucks Espresso Roast Whole Bean - 6ct,OCS Coffee,11,$97.8300,"$1,076.13",
AVR26180,Starbucks Pikes Place Roast Decaf Whole Bean - 6ct,OCS Coffee,7,$96.9200,$678.44,
AVR26181,Starbucks Veranda Blend Whole Bean - 6ct,OCS Coffee,12,$94.1142,"$1,129.37",
AVR26182,Starbucks Pikes Place Decaf Ground - 6ct,OCS Coffee,11,$97.8300,"$1,076.13",
AVR26211,FR Snack Double & Cheese Cup,Fresh Food,413,$2.7600,"$1,139.88",
AVR26212,FR ESL Buffalo Chicken Pinwheels 10.05oz,Fresh Food,129,$3.2900,$424.41,
AVR26213,FR SLB Street Corn Dipper 4oz,Fresh Food,10,$2.1800,$21.80,
AVR26214,FR Snack Pepperoni & Swiss,Fresh Food,16,$4.8700,$77.92,
AVR26215,FR Bistro Breakfast,Fresh Food,60,$2.8800,$172.80,
AVR26216,FR SLB Thai Chicken on Ciabatta Sandwich 9oz,Fresh Food,27,$3.7100,$100.17,
AVR26217,FR SLB Croissant Ham,Fresh Food,293,$3.7000,"$1,084.10",
AVR26219,FR SLB EL Cubano 8oz,Fresh Food,172,$3.9200,$674.24,
AVR26220,FR SLB Multigrain Turkey & Bacon Club,Fresh Food,237,$3.4900,$827.13,
AVR26221,FR SLB Thai Beef Pinwheels 9oz,Fresh Food,74,$4.1200,$304.88,
AVR26222,FR SLB Salad Chicken Caesar,Fresh Food,48,$4.6900,$225.12,
AVR26223,FR SLB Salad Southwest Chicken,Fresh Food,6,$4.3100,$25.86,
AVR26225,FR SLB Sub Turkey & Cheese,Fresh Food,88,$3.5600,$313.28,
AVR26226,FR SLB Triangle Turkey Wheat,Fresh Food,416,$2.4400,"$1,015.04",
AVR26227,FR SLB Triangle Ham Wheat,Fresh Food,124,$2.7200,$337.28,
AVR26229,FR SLB Triangle Tuna Salad Wheat,Fresh Food,145,$1.9200,$278.40,
AVR26230,FR SLB Triangle Egg Salad Wheat,Fresh Food,239,$1.9900,$475.61,
AVR26232,FR SLB Triangle PBJ White,Fresh Food,163,$1.9200,$312.96,
AVR26233,FR SLB Chicken Torta Sandwich,Fresh Food,38,$4.0300,$153.14,
AVR26234,FR Parfait Mixed Berry,Fresh Food,129,$2.4000,$309.60,
AVR26235,FTY Teriyaki Chicken With Fried Rice & Broccoli 10oz,Fresh Food,45,$4.1000,$184.50,
AVR26236,FR Breakfast Biscuit Bacon & Egg,Fresh Food,21,$2.7700,$58.17,
AVR26237,FR Breakfast Bagel & Cream Cheese,Fresh Food,72,$1.6500,$118.80,
AVR26238,FR Burrito Breakfast Egg & Sausage,Fresh Food,87,$3.0200,$262.74,
AVR26239,FR Burrito Beef,Fresh Food,43,$3.0800,$132.44,
AVR26240,FR Fruit Mixed,Fresh Food,111,$2.7500,$305.25,
AVR26241,FR Onion Roll Pastrami Reuben,Fresh Food,14,$3.5700,$49.98,
AVR26243,FR Wrap Vegan Tofu and Roasted Veggie,Fresh Food,4,$3.7300,$14.92,
AVR26244,FTY Double Cheeseburger 5oz,Fresh Food,57,$2.4701,$140.80,
AVR26245,FTY Spicy Chicken Filet Sandwich 3.5oz,Fresh Food,2,$2.2600,$4.52,
AVR26246,SS House Made Chicken Pesto on Ciabatta Sandwich,Fresh Food,114,$4.7300,$539.22,
AVR26247,SS Strawberry Shortcake Dessert,Fresh Food,4,$2.8900,$11.56,
AVR26249,SS Fruit & Cheese Bistro Box,Fresh Food,124,$3.9600,$491.04,
AVR26250,SS Better Bites Bistro Box,Fresh Food,54,$3.2900,$177.66,
AVR26252,Bodyarmor Strawberry Banana 12oz,Bev Other,94,$0.8979,$84.40,
AVR26281,Aroma Vita Forthy Topping Creamer 12oz - 8ct,OCS Supplies,6,$61.2833,$367.70,
AVR26348,"FTY Carnitas with Rice, Veggies & Mango Salsa 11oz",Fresh Food,2,$4.1000,$8.20,
AVR26351,Folgers Colombian Decaf 1.25LT,OCS Coffee Liquid,143,$65.8909,"$9,422.40",
AVR26354,Starbucks Hot Cups 16oz - 1000ct,OCS Paper Supplies,3,$135.5100,$406.53,
AVR26355,Starbucks Hot Cups 12oz - 1000ct,OCS Paper Supplies,3,$106.3900,$319.17,
AVR26356,Starbucks Hot Cup Lids 12oz to 20oz - 1020ct,OCS Paper Supplies,3,$49.7800,$149.34,
AVR26357,Starbucks Hot Cups Sleeves 12oz to 20oz - 1380ct,OCS Paper Supplies,3,$130.5800,$391.74,
AVR26358,Aroma Vita Hot Cocoa 12oz - 12ct,OCS Supplies,2,$73.7400,$147.48,
AVR26360,Starbucks Veranda Blend Ground - 6ct,OCS Coffee,7,$96.9200,$678.44,
AVR27258,Bubbly Blackcherry 16oz Cans,Bev Other,60,$1.1125,$66.75,
AVR27281,CafeXpress Real Milk Powder 220z - 8ct,OCS Supplies,2,$76.0600,$152.12,
AVR27322,CafeXpress Premium Dark Cocoa Powder 2lb - 6ct,OCS Supplies,6,$43.0900,$258.54,
AVR27334,FR SLB Croissant Chicken Salad,Fresh Food,10,$3.5000,$35.00,
AVR27339,FR Breakfast Muffin Sausage & Egg,Fresh Food,113,$2.9900,$337.87,
AVR27340,FR Focaccia Grilled Veggie,Fresh Food,7,$4.8500,$33.95,
AVR27341,FR Harvest Chicken Salad with Balsamic Dressing,Fresh Food,8,$4.9400,$39.52,
AVR27342,FTY Cheese Enchilada with Spanish Rice & Beans,Fresh Food,13,$4.1000,$53.30,
AVR27343,SS Pineapple & Tajin,Fresh Food,45,$3.3100,$148.95,
AVR27413,Hamilton Brewers,OCS Supplies,18,$22.2100,$399.78,
AVR27432,Folgers 100% Colombian 2LT,OCS Coffee Liquid,47,$82.7017,"$3,886.98",
AVR27438,SS Kings Hawaiian Pretzel Bun Trio,Fresh Food,45,$5.6000,$252.00,
AVR27445,SS Oreo Delight Dessert,Fresh Food,13,$2.2800,$29.64,
AVR27449,SS House Made Chicken Salad on Croissant Sandwich,Fresh Food,16,$4.9400,$79.04,
AVR27451,Muscle Milk Chocolate 14oz,Bev Other,125,$2.9725,$371.56,
AVR27452,Muscle Milk Vanilla 14oz,Bev Other,158,$2.9725,$469.66,
AVR27472,Lens Pure Moist Solution 2oz,Sundry Items,52,$3.0686,$159.57,
AVR27473,Bayer Aspirin,Sundry Items,46,$0.9750,$44.85,
AVR27474,Purell Hand Sanitizer 1oz,Sundry Items,45,$2.2900,$103.05,
AVR27475,First Aid Kit ,Sundry Items,86,$1.6100,$138.46,
AVR27476,Unilever Shampoo Dry 1.15oz,Sundry Items,28,$3.2925,$92.19,
AVR27505,Visine Eye Drops 0.28oz,Sundry Items,108,$2.2242,$240.21,
AVR27614,Pocari Sweat Electrolyte Drink 16.9oz,Bev Other,100,$1.8225,$182.25,
AVR27709,Tropicana Body Wash Empty Bottle 380ml - 40ct,Amenity,13,$55.2000,$717.60,
AVR27710,Tropicana Conditioning Shampoo Empty Bottle 380ml - 40ct,Amenity,13,$55.2000,$717.60,
AVR27711,Camelot Body Wash Empty Bottle 380ml - 40ct,Amenity,13,$55.2000,$717.60,
AVR27712,Camelot Conditioning Shampoo Empty Bottle 380ml - 40ct,Amenity,13,$55.2000,$717.60,
AVR27766,Tates Bake Shop Cookie 3.5oz,Cookies & Crackers,51,$2.3100,$117.81,
AVR27767,Stacy's Pita Chip Parmesan Garlic 1.5oz,Chips,91,$0.6683,$60.82,
AVR27768,Kombucha Pink Lady Apple Can 11.5oz,Bev Other,17,$1.8875,$32.09,
AVR27775,LA Colombe Coffee Monaco Blend 0.5gal - 91ct,OCS Coffee,3,$196.9900,$590.97,
AVR27776,LA Colombe Coffee Decaf Montecarlo Blend 0.5gal - 106ct,OCS Coffee,3,$207.7600,$623.28,
AVR27777,LA Colombe Coffee Monaco Blend 20lbs,OCS Coffee,3,$197.0000,$591.00,
AVR27778,LA Colombe Coffee Nizza Blend 20lbs,OCS Coffee,2,$197.0000,$394.00,
AVR27779,LA Colombe 12oz Hot Cups - 1000ct,OCS Paper Supplies,3,$112.8900,$338.67,
AVR27780,LA Colombe 16oz Hot Cups - 1000ct,OCS Paper Supplies,-1,$134.7900,-$134.79,
AVR27820,Naked Juice Smoothie Mighty Mango 15.2oz,Bev Juice,31,$3.3169,$102.82,
AVR27936,Bobo's Chocolate Chip Bites Bar 1.3oz,Healthy Bars,168,$0.5549,$93.22,
AVR28072,Beer Michelob Ultra 16oz Can,Bev Beer & Wine,-72,$0.0000,$0.00,
AVR28084,SS Hummus & Friends Snack Box,Fresh Food,8,$3.5600,$28.48,
AVR28312,LA Colombe Triple Draft Latte 11oz,Bev Coffee & Tea,22,$2.2383,$49.24,
AVR28313,LA Colombe Vanilla Draft Latte 11oz,Bev Coffee & Tea,22,$2.2383,$49.24,
AVR28315,LA Colombe Caramel Draft Latte 11oz,Bev Coffee & Tea,22,$2.2383,$49.24,
AVR28318,LA Colombe Coffee Decaf Montecarlo 20lbs,OCS Coffee,1,$207.7600,$207.76,
AVR28341,Rockit Apples 2ct,Snack,24,$2.1600,$51.84,
AVR28342,Spicy Jarritos 3.5oz,Candy,12,$1.2242,$14.69,
AVR28346,Trubar Protein Cookie Dough Bar 1.76oz,Healthy Bars,72,$1.4269,$102.74,
AVR28628,Disney Hat Adult Sassy Bow,Souvenirs Disney,48,$8.7500,$420.00,
AVR28629,Disney Hat Adult Its Mics Ears,Souvenirs Disney,54,$8.7500,$472.50,
AVR28630,Disney Mug Dis Name 2,Souvenirs Disney,12,$4.5000,$54.00,
AVR28631,Disney Flip Flop Top Bottle Uh Oh Stitch,Souvenirs Disney,48,$5.0000,$240.00,
AVR28632,Disney Flip Flop Bottle MV Spidey Senses,Souvenirs Disney,48,$5.0000,$240.00,
AVR28633,Disney Ensemble,Souvenirs Disney,48,$5.0000,$240.00,
AVR28634,Jumping Fireworks,California Merchandise,48,$5.0000,$240.00,
AVR28635,Disney Fannypack MM Handhearts,Souvenirs Disney,52,$6.5000,$338.00,
AVR28636,Disney Bubble Wand Ariel,Souvenirs Disney,18,$11.5000,$207.00,
AVR28637,Disney Head Straw Tumbler Stitch,Souvenirs Disney,66,$5.0000,$330.00,
AVR28638,Disney Head Straw Tumbler Spiderman,Souvenirs Disney,72,$5.0000,$360.00,
AVR28642,Woodbury Dispenser Mounting Bracket - 1ct,Amenity,30,$2.2000,$66.00,
AVR28666,SS Energy Bites,Fresh Food,64,$1.6800,$107.52,
AVR28671,Starbucks Pikes Place Roast Whole Bean - 6ct,OCS Coffee,3,$97.8300,$293.49,
AVR28818,Disney Ears Pearly,Souvenirs Disney,60,$7.9900,$479.40,
AVR28819,Disney Ears Red,Souvenirs Disney,60,$5.2500,$315.00,
AVR28820,Disney Ears Mickey Mouse,Amenity,60,$5.2500,$315.00,
AVR28824,Tournament of Roses Mug Logo Glass,California Merchandise,18,$15.0000,$270.00,
AVR28825,Tournament of Roses Bag Cross Body,California Merchandise,24,$15.0000,$360.00,
AVR28826,Tournament of Roses Cap Black New Era,California Merchandise,24,$15.0000,$360.00,
AVR28827,Tournament of Roses Cap Red New Era,California Merchandise,24,$15.0000,$360.00,
AVR28828,Tournament of Roses Mug Logo Ceramic Red,California Merchandise,15,$15.0000,$225.00,
AVR00115,Cocoa Bliss Hot Cocoa Mix,OCS Coffee,"2,304",$0.0000,$0.00,
AVR00117,LA Colombe Coffee Decaf Montecarlo Blend 20lbs,OCS Coffee,2,$0.0000,$0.00,
AVR00156,Skittles Original Box 3.5oz,Candy,12,$0.0000,$0.00,
AVR00157,Ruger Vanilla Wafer Cookie,Cookies & Crackers,43,$0.0000,$0.00,
AVR00158,Gatorade Caramel Protein Bar,Healthy Bars,14,$0.0000,$0.00,
AVR00159,Kind Honey Roasted Nuts & Sea Salt,Healthy Bars,40,$0.0000,$0.00,
AVR00160,Wonderful Pistachios Salt & Pepper,Nuts,38,$0.0000,$0.00,
AVR00161,Banana Plantain Chips Lime,Amenity,8,$0.0000,$0.00,
AVR00162,Flipz White Fudge 5oz,Candy,20,$0.0000,$0.00,
AVR00163,Peeled Paradise Blend,Chips,17,$0.0000,$0.00,
AVR00164,Jack Links Beef Tender Bites Original 9g,Snack,65,$0.0000,$0.00,
AVR00184,El Jefe Diablo Punch Energy Drink 16oz,Bev Energy Drinks,16,$0.0000,$0.00,
AVR00185,El Jefe Sinister Razz Energy Drink 16oz,Bev Energy Drinks,16,$0.0000,$0.00,
AVR00239,Cheese Pop,Amenity,3,$0.0000,$0.00,
AVR00243,Test Product 1,Amenity,80,$0.0000,$0.00,
AVR00244,Test product 2,Amenity,80,$0.0000,$0.00,
AVR00245,Test Product 3,Amenity,80,$0.0000,$0.00,
AVR00003,Pringles red,Amenity,-10,$0.0000,$0.00,
